payload_bytes,run,mode,key_ms,encryption_ms,decryption_ms,total_ms,throughput_MBps,overhead_bytes
1024,1,M3,0.091226,0.030206,0.027382,0.148814,33.90054955969013,2304
1024,1,M1,0.141047,0.002432,0.001656,0.145135,421.05263157894734,92
1024,1,M5,0.2354,0.03111,0.027566,0.294076,32.915461266473805,2368
1024,1,M2,0.090154,0.002696,0.001768,0.09461800000000001,379.8219584569733,2300
1024,1,M4,0.269678,0.002647,0.00184,0.274165,386.8530411786929,2364
1024,2,M2,0.10676,0.002904,0.001976,0.11164,352.61707988980714,2300
1024,2,M4,0.243184,0.002592,0.00184,0.24761600000000003,395.0617283950617,2364
1024,2,M3,0.091858,0.033998,0.02803,0.153886,30.119418789340546,2304
1024,2,M5,0.273014,0.03371,0.027894,0.33461799999999997,30.376742806288934,2368
1024,2,M1,0.144535,0.00316,0.001928,0.149623,324.0506329113924,92
1024,3,M4,0.242488,0.002256,0.001752,0.24649600000000002,453.90070921985813,2364
1024,3,M3,0.08925,0.031758,0.027878,0.14888600000000002,32.24384407078531,2304
1024,3,M5,0.23276,0.029846,0.027319,0.289925,34.30945520337734,2368
1024,3,M1,0.158862,0.003271,0.00184,0.163973,313.05411189238765,92
1024,3,M2,0.105337,0.00204,0.001512,0.108889,501.96078431372547,2300
1024,4,M3,0.089458,0.031326,0.027646,0.14843,32.688501564195874,2304
1024,4,M4,0.236049,0.002792,0.001896,0.240737,366.76217765042975,2364
1024,4,M5,0.228425,0.031054,0.027622,0.287101,32.9748180588652,2368
1024,4,M2,0.123384,0.003024,0.00192,0.128328,338.6243386243386,2300
1024,4,M1,0.141494,0.001512,0.001088,0.14409400000000003,677.2486772486772,92
1024,5,M3,0.097049,0.031982,0.027582,0.156613,32.018010130698514,2304
1024,5,M2,0.091218,0.002576,0.001783,0.095577,397.51552795031057,2300
1024,5,M4,0.227969,0.002184,0.001536,0.231689,468.8644688644688,2364
1024,5,M1,0.135631,0.001295,0.000992,0.13791799999999999,790.7335907335906,92
1024,5,M5,0.264823,0.033637,0.028551,0.32701099999999994,30.442667300888896,2368
1024,6,M4,0.250432,0.003464,0.002384,0.25628,295.61200923787527,2364
1024,6,M1,0.140022,0.001544,0.000952,0.142518,663.2124352331606,92
1024,6,M3,0.095914,0.031838,0.027774,0.155526,32.162824298008665,2304
1024,6,M5,0.253247,0.031766,0.027686,0.312699,32.23572372977397,2368
1024,6,M2,0.099113,0.00336,0.001847,0.10432000000000001,304.76190476190476,2300
1024,7,M4,0.232209,0.001984,0.001536,0.23572900000000002,516.1290322580645,2364
1024,7,M1,0.135519,0.001288,0.001024,0.137831,795.0310559006211,92
1024,7,M3,0.09181,0.030925,0.027367,0.150102,33.11236863379143,2304
1024,7,M2,0.095353,0.00252,0.001976,0.099849,406.3492063492063,2300
1024,7,M5,0.259022,0.032278,0.027702,0.319002,31.72439432430758,2368
1024,8,M3,0.094298,0.028662,0.02711,0.15007,35.72674621450003,2304
1024,8,M5,0.231408,0.029062,0.026983,0.28745299999999996,35.235014795953475,2368
1024,8,M1,0.13572,0.003304,0.00232,0.141344,309.9273607748184,92
1024,8,M2,0.093634,0.001728,0.001304,0.09666599999999999,592.5925925925926,2300
1024,8,M4,0.245512,0.002687,0.002,0.250199,381.0941570524749,2364
1024,9,M3,0.090186,0.031958,0.027582,0.149726,32.04205519744664,2304
1024,9,M2,0.09069,0.002495,0.001624,0.094809,410.42084168336675,2300
1024,9,M4,0.229929,0.00196,0.001568,0.23345699999999997,522.4489795918367,2364
1024,9,M5,0.222258,0.03071,0.02723,0.280198,33.34418756105503,2368
1024,9,M1,0.166709,0.002912,0.002032,0.171653,351.64835164835165,92
1024,10,M2,0.122719,0.0028,0.001736,0.12725499999999998,365.7142857142857,2300
1024,10,M1,0.14195,0.001432,0.001032,0.144414,715.0837988826815,92
1024,10,M4,0.232904,0.0022,0.001576,0.23668,465.4545454545454,2364
1024,10,M5,0.230577,0.033517,0.027598,0.291692,30.551660351463436,2368
1024,10,M3,0.149079,0.031614,0.027838,0.208531,32.39071297526412,2304
1024,11,M4,0.248952,0.003888,0.002552,0.255392,263.3744855967078,2364
1024,11,M1,0.139126,0.001352,0.001104,0.14158199999999999,757.396449704142,92
1024,11,M5,0.234809,0.03251,0.02759,0.294909,31.498000615195323,2368
1024,11,M2,0.094234,0.002824,0.001807,0.09886500000000001,362.60623229461754,2300
1024,11,M3,0.127296,0.031774,0.02747,0.18653999999999998,32.22760747781205,2304
1024,12,M4,0.236913,0.003192,0.00212,0.24222500000000002,320.8020050125313,2364
1024,12,M2,0.100409,0.002632,0.001824,0.104865,389.0577507598784,2300
1024,12,M1,0.141518,0.001872,0.001184,0.144574,547.008547008547,92
1024,12,M5,0.224953,0.031902,0.027478,0.284333,32.0983010469563,2368
1024,12,M3,0.120192,0.030094,0.027222,0.177508,34.026716288961254,2304
1024,13,M1,0.142519,0.003144,0.002015,0.147678,325.6997455470738,92
1024,13,M3,0.096106,0.03039,0.027286,0.153782,33.695294504771304,2304
1024,13,M2,0.087514,0.002488,0.001664,0.091666,411.5755627009646,2300
1024,13,M5,0.224961,0.029558,0.027278,0.281797,34.643751268692064,2368
1024,13,M4,0.263646,0.003424,0.002008,0.269078,299.0654205607476,2364
1024,14,M3,0.096466,0.032222,0.027782,0.15647,31.77952951399665,2304
1024,14,M4,0.244303,0.003008,0.002032,0.249343,340.4255319148936,2364
1024,14,M2,0.092897,0.002288,0.001584,0.096769,447.5524475524475,2300
1024,14,M5,0.228289,0.031622,0.027566,0.287477,32.382518499778634,2368
1024,14,M1,0.156357,0.002872,0.001896,0.16112500000000002,356.5459610027855,92
1024,15,M3,0.09981,0.030982,0.027878,0.15866999999999998,33.05144922858433,2304
1024,15,M4,0.226169,0.002624,0.001872,0.230665,390.24390243902434,2364
1024,15,M5,0.224057,0.030046,0.02739,0.28149300000000005,34.081075683951276,2368
1024,15,M2,0.090834,0.002656,0.001824,0.09531400000000001,385.54216867469876,2300
1024,15,M1,0.168005,0.002512,0.001488,0.17200499999999996,407.64331210191085,92
1024,16,M2,0.105569,0.002536,0.001616,0.109721,403.7854889589905,2300
1024,16,M5,0.230281,0.031878,0.027575,0.28973400000000005,32.1224669050756,2368
1024,16,M4,0.225001,0.002592,0.001728,0.22932100000000002,395.0617283950617,2364
1024,16,M3,0.09005,0.029686,0.027262,0.14699800000000002,34.49437445260392,2304
1024,16,M1,0.158829,0.002976,0.001768,0.163573,344.0860215053763,92
1024,17,M5,0.232265,0.031702,0.02783,0.29179700000000003,32.30080121128004,2368
1024,17,M3,0.092682,0.028198,0.026958,0.147838,36.31463224342152,2304
1024,17,M1,0.141231,0.002807,0.00168,0.145718,364.8022800142501,92
1024,17,M2,0.107921,0.002576,0.00156,0.112057,397.51552795031057,2300
1024,17,M4,0.247704,0.002576,0.001928,0.252208,397.51552795031057,2364
1024,18,M5,0.235065,0.032214,0.027814,0.295093,31.78742161793009,2368
1024,18,M1,0.140095,0.002752,0.001784,0.144631,372.09302325581393,92
1024,18,M3,0.096834,0.030662,0.027614,0.15511,33.396386406627094,2304
1024,18,M4,0.223513,0.002576,0.001824,0.22791299999999998,397.51552795031057,2364
1024,18,M2,0.091186,0.002112,0.001896,0.095194,484.8484848484849,2300
1024,19,M4,0.253919,0.002983,0.001776,0.258678,343.2785786121354,2364
1024,19,M1,0.138527,0.001216,0.001016,0.140759,842.1052631578947,92
1024,19,M2,0.095233,0.001984,0.00156,0.098777,516.1290322580645,2300
1024,19,M5,0.229081,0.03223,0.027902,0.289213,31.77164132795532,2368
1024,19,M3,0.088643,0.028703,0.026806,0.144152,35.67571334006898,2304
1024,20,M3,0.125312,0.030574,0.02723,0.183116,33.49250997579642,2304
1024,20,M2,0.094274,0.00352,0.002336,0.10013,290.9090909090909,2300
1024,20,M4,0.24752,0.002952,0.002128,0.2526,346.88346883468836,2364
1024,20,M5,0.230233,0.031734,0.027766,0.289733,32.26822965904078,2368
1024,20,M1,0.136503,0.00248,0.001712,0.14069500000000001,412.9032258064516,92
1024,21,M1,0.158893,0.001816,0.001264,0.161973,563.8766519823788,92
1024,21,M5,0.2322,0.031918,0.028142,0.29225999999999996,32.08221066482862,2368
1024,21,M4,0.229505,0.002888,0.002183,0.23457599999999998,354.57063711911354,2364
1024,21,M2,0.101618,0.002336,0.001408,0.10536200000000001,438.3561643835616,2300
1024,21,M3,0.089674,0.030998,0.027566,0.148238,33.03438931543971,2304
1024,22,M2,0.113736,0.003072,0.001903,0.11871100000000001,333.3333333333333,2300
1024,22,M1,0.144039,0.001423,0.001048,0.14651,719.6064652143359,92
1024,22,M3,0.097978,0.03243,0.035189,0.165597,31.575701510946654,2304
1024,22,M4,0.253543,0.003408,0.002344,0.25929500000000005,300.46948356807513,2364
1024,22,M5,0.234497,0.033086,0.027582,0.295165,30.94964637611074,2368
1024,23,M1,0.159886,0.003039,0.001856,0.16478099999999998,336.95294504771306,92
1024,23,M3,0.102161,0.03171,0.027326,0.161197,32.292652160201825,2304
1024,23,M4,0.226897,0.00244,0.001792,0.23112899999999997,419.672131147541,2364
1024,23,M5,0.222465,0.030046,0.027142,0.279653,34.081075683951276,2368
1024,23,M2,0.090282,0.002528,0.001975,0.09478500000000001,405.06329113924045,2300
1024,24,M2,0.092082,0.002168,0.001903,0.096153,472.3247232472325,2300
1024,24,M4,0.249704,0.002839,0.001792,0.25433500000000003,360.69038393800633,2364
1024,24,M5,0.226641,0.031614,0.027582,0.285837,32.39071297526412,2368
1024,24,M3,0.095426,0.030686,0.027822,0.15393400000000002,33.37026657107476,2304
1024,24,M1,0.141742,0.002864,0.001728,0.14633400000000002,357.5418994413408,92
1024,25,M4,0.255799,0.003288,0.002128,0.26121500000000003,311.4355231143552,2364
1024,25,M1,0.141839,0.00148,0.001008,0.144327,691.8918918918919,92
1024,25,M3,0.110576,0.032614,0.027614,0.17080399999999998,31.397559330348926,2304
1024,25,M2,0.09781,0.002816,0.0018,0.10242599999999999,363.6363636363636,2300
1024,25,M5,0.232441,0.031678,0.027567,0.291686,32.325273060167945,2368
1024,26,M2,0.094194,0.002816,0.002143,0.099153,363.6363636363636,2300
1024,26,M1,0.160286,0.002199,0.001448,0.16393300000000002,465.66621191450656,92
1024,26,M5,0.236264,0.032926,0.027806,0.296996,31.10004251958938,2368
1024,26,M3,0.091306,0.028446,0.027006,0.146758,35.99803135766013,2304
1024,26,M4,0.231713,0.003103,0.002192,0.237008,330.0032226877215,2364
1024,27,M1,0.138271,0.001695,0.001016,0.140982,604.1297935103245,92
1024,27,M2,0.11928,0.002896,0.002048,0.12422399999999999,353.5911602209945,2300
1024,27,M4,0.232072,0.002408,0.001928,0.236408,425.2491694352159,2364
1024,27,M5,0.232665,0.032405,0.027487,0.292557,31.600061718870545,2368
1024,27,M3,0.090594,0.028591,0.026998,0.14618299999999998,35.81546640551222,2304
1024,28,M2,0.091754,0.003008,0.002064,0.096826,340.4255319148936,2300
1024,28,M4,0.252759,0.002583,0.001776,0.257118,396.43825009678665,2364
1024,28,M5,0.226169,0.031854,0.02755,0.285573,32.1466691781252,2368
1024,28,M1,0.136735,0.002432,0.001696,0.140863,421.05263157894734,92
1024,28,M3,0.094513,0.029574,0.027294,0.151381,34.6250084533712,2304
1024,29,M1,0.136767,0.00216,0.00148,0.140407,474.074074074074,92
1024,29,M5,0.246919,0.031366,0.027326,0.305611,32.64681502263598,2368
1024,29,M4,0.250656,0.003432,0.002272,0.25636,298.3682983682984,2364
1024,29,M3,0.090458,0.03079,0.02739,0.148638,33.25755115297174,2304
1024,29,M2,0.092986,0.002416,0.001536,0.096938,423.841059602649,2300
1024,30,M5,0.23184,0.045965,0.028094,0.305899,22.27782008049603,2368
1024,30,M2,0.093914,0.003423,0.002312,0.09964899999999999,299.15278995033594,2300
1024,30,M3,0.090994,0.029566,0.027102,0.14766200000000002,34.63437732530609,2304
1024,30,M4,0.231257,0.002839,0.00188,0.235976,360.69038393800633,2364
1024,30,M1,0.136911,0.00164,0.00108,0.139631,624.390243902439,92
10240,1,M1,0.15111,0.005847,0.00424,0.16119699999999998,1751.3254660509665,92
10240,1,M2,0.106289,0.004991,0.003976,0.115256,2051.693047485474,2300
10240,1,M5,0.228705,0.234616,0.247272,0.710593,43.64578715859106,2368
10240,1,M4,0.245071,0.00596,0.004375,0.255406,1718.1208053691278,2364
10240,1,M3,0.090522,0.232601,0.229569,0.552692,44.0238863977369,2304
10240,2,M1,0.14743,0.022703,0.005015,0.175148,451.0417125490024,92
10240,2,M4,0.236593,0.004712,0.004016,0.24532099999999998,2173.174872665535,2364
10240,2,M3,0.105169,0.244271,0.231673,0.581113,41.92065370019364,2304
10240,2,M5,0.271526,0.234936,0.231441,0.737903,43.58633840705554,2368
10240,2,M2,0.096025,0.006424,0.004623,0.107072,1594.0224159402244,2300
10240,3,M1,0.145798,0.004096,0.003528,0.153422,2500.0,92
10240,3,M2,0.096674,0.00436,0.003823,0.104857,2348.6238532110096,2300
10240,3,M5,0.23604,0.236001,0.230792,0.702833,43.3896466540396,2368
10240,3,M4,0.233745,0.005831,0.004352,0.243928,1756.1310238381068,2364
10240,3,M3,0.115872,0.234888,0.229633,0.580393,43.59524539354927,2304
10240,4,M2,0.106009,0.006152,0.004792,0.11695300000000002,1664.4993498049416,2300
10240,4,M1,0.143886,0.004064,0.003527,0.151477,2519.685039370079,92
10240,4,M5,0.260519,0.235424,0.230201,0.726144,43.49599021340221,2368
10240,4,M3,0.103401,0.232241,0.243984,0.579626,44.09212843554756,2304
10240,4,M4,0.246664,0.006215,0.004616,0.25749500000000003,1647.6267095736125,2364
10240,5,M3,0.094321,0.233817,0.229961,0.558099,43.794933644687944,2304
10240,5,M4,0.264655,0.005999,0.004688,0.275342,1706.9511585264213,2364
10240,5,M2,0.091074,0.004111,0.003728,0.098913,2490.8781318414012,2300
10240,5,M1,0.139319,0.003856,0.003512,0.14668699999999998,2655.6016597510375,92
10240,5,M5,0.225537,0.234664,0.248776,0.708977,43.63685950976716,2368
10240,6,M5,0.24608,0.232937,0.229112,0.708129,43.96038413820046,2368
10240,6,M4,0.261335,0.006359,0.004688,0.272382,1610.3160874351315,2364
10240,6,M3,0.104249,0.23648,0.230369,0.571098,43.30175913396482,2304
10240,6,M1,0.147558,0.005775,0.004512,0.15784499999999999,1773.1601731601734,92
10240,6,M2,0.129543,0.005584,0.004591,0.139718,1833.810888252149,2300
10240,7,M5,0.236504,0.23996,0.230129,0.706593,42.67377896316053,2368
10240,7,M1,0.14599,0.006176,0.004447,0.156613,1658.0310880829018,92
10240,7,M3,0.118136,0.234473,0.239752,0.592361,43.672405778064004,2304
10240,7,M2,0.102913,0.006015,0.004752,0.11368000000000002,1702.4106400665005,2300
10240,7,M4,0.236,0.00476,0.003895,0.24465499999999998,2151.2605042016808,2364
10240,8,M1,0.141774,0.004208,0.003616,0.149598,2433.4600760456274,92
10240,8,M3,0.100882,0.234544,0.230465,0.565891,43.65918548332083,2304
10240,8,M4,0.230761,0.005376,0.004224,0.240361,1904.761904761905,2364
10240,8,M2,0.10952,0.00516,0.004344,0.119024,1984.496124031008,2300
10240,8,M5,0.229257,0.233329,0.228841,0.691427,43.88652932125883,2368
10240,9,M1,0.139863,0.005399,0.00408,0.14934199999999997,1896.6475273198741,92
10240,9,M3,0.126471,0.234673,0.229769,0.590913,43.63518598219651,2304
10240,9,M2,0.098154,0.005879,0.004552,0.108585,1741.792821908488,2300
10240,9,M5,0.236928,0.249624,0.229496,0.716048,41.02169663173413,2368
10240,9,M4,0.24324,0.006231,0.004816,0.254287,1643.3959236077676,2364
10240,10,M2,0.093393,0.00456,0.003992,0.101945,2245.6140350877195,2300
10240,10,M3,0.102081,0.250119,0.230569,0.582769,40.94051231613752,2304
10240,10,M1,0.15123,0.005912,0.004552,0.161694,1732.0703653585927,92
10240,10,M5,0.234616,0.248896,0.230784,0.714296,41.14168166623811,2368
10240,10,M4,0.244736,0.006023,0.004624,0.255383,1700.14942719575,2364
10240,11,M3,0.094865,0.232513,0.245048,0.572426,44.04054827041929,2304
10240,11,M4,0.243736,0.006112,0.004815,0.25466300000000003,1675.392670157068,2364
10240,11,M1,0.138047,0.003936,0.003391,0.145374,2601.626016260163,92
10240,11,M2,0.095714,0.004343,0.003744,0.10380099999999999,2357.817177066544,2300
10240,11,M5,0.223593,0.252176,0.229728,0.705497,40.606560497430365,2368
10240,12,M2,0.102289,0.006175,0.004432,0.11289600000000001,1658.2995951417006,2300
10240,12,M4,0.235392,0.00512,0.003952,0.24446400000000001,2000.0000000000002,2364
10240,12,M3,0.088083,0.270142,0.233816,0.592041,37.905990182940826,2304
10240,12,M1,0.152462,0.00604,0.004487,0.16298899999999997,1695.3642384105963,92
10240,12,M5,0.237497,0.233977,0.247536,0.71901,43.76498544728756,2368
10240,13,M1,0.147662,0.00612,0.004391,0.15817299999999998,1673.2026143790852,92
10240,13,M3,0.106441,0.243936,0.229089,0.579466,41.97822379640562,2304
10240,13,M4,0.264438,0.006311,0.004608,0.275357,1622.5637775312946,2364
10240,13,M5,0.231161,0.235625,0.229585,0.6963710000000001,43.45888594164457,2368
10240,13,M2,0.114832,0.006031,0.00468,0.125543,1697.8942132316365,2300
10240,14,M1,0.144471,0.004143,0.003512,0.15212599999999998,2471.638909003138,92
10240,14,M3,0.110921,0.234992,0.230209,0.576122,43.575951521753936,2304
10240,14,M4,0.258591,0.006032,0.004472,0.269095,1697.6127320954909,2364
10240,14,M2,0.093009,0.00488,0.0042,0.10208899999999999,2098.360655737705,2300
10240,14,M5,0.229433,0.234721,0.229592,0.693746,43.62626266929674,2368
10240,15,M1,0.162413,0.006072,0.004367,0.172852,1686.4295125164692,92
10240,15,M5,0.235161,0.235353,0.229745,0.700259,43.50911184476085,2368
10240,15,M4,0.259478,0.00632,0.005031,0.270829,1620.2531645569622,2364
10240,15,M2,0.095658,0.004287,0.003784,0.103729,2388.616748308841,2300
10240,15,M3,0.09409,0.23336,0.230169,0.5576190000000001,43.88069934864587,2304
10240,16,M2,0.097745,0.005511,0.004192,0.107448,1858.101977862457,2300
10240,16,M5,0.268774,0.235945,0.229712,0.7344310000000001,43.3999449024137,2368
10240,16,M1,0.144631,0.006208,0.004448,0.155287,1649.4845360824745,92
10240,16,M3,0.102738,0.247975,0.229689,0.580402,41.294485331182585,2304
10240,16,M4,0.24444,0.00632,0.004728,0.255488,1620.2531645569622,2364
10240,17,M1,0.138711,0.004024,0.003464,0.146199,2544.7316103379726,92
10240,17,M3,0.099858,0.251672,0.231665,0.583195,40.6878794621571,2304
10240,17,M4,0.247912,0.006407,0.004848,0.25916700000000004,1598.2519119712815,2364
10240,17,M5,0.24168,0.250247,0.230129,0.722056,40.91957146339417,2368
10240,17,M2,0.100761,0.006103,0.004488,0.111352,1677.8633458954614,2300
10240,18,M5,0.250184,0.234448,0.247312,0.731944,43.67706271753225,2368
10240,18,M4,0.251031,0.006264,0.004959,0.262254,1634.7381864623246,2364
10240,18,M3,0.103441,0.234417,0.243304,0.581162,43.68283870197128,2304
10240,18,M1,0.14979,0.005736,0.004384,0.15991,1785.216178521618,92
10240,18,M2,0.103522,0.004576,0.004224,0.112322,2237.762237762238,2300
10240,19,M1,0.139447,0.00404,0.003607,0.14709399999999997,2534.6534653465346,92
10240,19,M2,0.095282,0.004391,0.003736,0.10340900000000001,2332.042814848554,2300
10240,19,M3,0.092378,0.234944,0.247488,0.57481,43.58485426314356,2304
10240,19,M4,0.245768,0.00596,0.004599,0.256327,1718.1208053691278,2364
10240,19,M5,0.231545,0.234528,0.246992,0.713065,43.66216400600355,2368
10240,20,M2,0.102737,0.006095,0.005096,0.113928,1680.0656275635768,2300
10240,20,M5,0.236632,0.233321,0.243727,0.71368,43.88803408180147,2368
10240,20,M1,0.146183,0.005808,0.004344,0.156335,1763.085399449036,92
10240,20,M3,0.101865,0.23236,0.230097,0.564322,44.069547254260634,2304
10240,20,M4,0.24028,0.006215,0.00476,0.251255,1647.6267095736125,2364
10240,21,M4,0.250016,0.005663,0.00476,0.260439,1808.22885396433,2364
10240,21,M5,0.2316,0.237601,0.251223,0.720424,43.09746171101974,2368
10240,21,M1,0.147942,0.005879,0.004472,0.158293,1741.792821908488,92
10240,21,M2,0.103177,0.004472,0.003839,0.111488,2289.8032200357784,2300
10240,21,M3,0.090114,0.233305,0.230729,0.554148,43.89104391247509,2304
10240,22,M1,0.162749,0.005824,0.004423,0.172996,1758.2417582417586,92
10240,22,M3,0.114921,0.233904,0.228937,0.577762,43.7786442301115,2304
10240,22,M4,0.239096,0.006055,0.00468,0.249831,1691.1643270024774,2364
10240,22,M5,0.253447,0.234065,0.230184,0.7176959999999999,43.748531390852975,2368
10240,22,M2,0.105873,0.006135,0.004352,0.11635999999999999,1669.111654441728,2300
10240,23,M4,0.235584,0.005111,0.004368,0.245063,2003.5218156916458,2364
10240,23,M3,0.095682,0.233624,0.229945,0.5592509999999999,43.83111324179023,2304
10240,23,M1,0.14611,0.005816,0.004527,0.15645299999999998,1760.6602475928476,92
10240,23,M2,0.102433,0.004696,0.004088,0.111217,2180.5792163543447,2300
10240,23,M5,0.252544,0.235144,0.237496,0.725184,43.54778348586398,2368
10240,24,M3,0.100177,0.231337,0.241424,0.572938,44.264428085433806,2304
10240,24,M5,0.24184,0.231744,0.228913,0.702497,44.18668876001105,2368
10240,24,M2,0.094602,0.006479,0.00492,0.106001,1580.4908164840253,2300
10240,24,M1,0.161197,0.004607,0.003744,0.169548,2222.7045799869766,92
10240,24,M4,0.233937,0.004808,0.004032,0.24277700000000002,2129.783693843594,2364
10240,25,M5,0.229049,0.235153,0.245111,0.709313,43.54611678354093,2368
10240,25,M3,0.101001,0.231569,0.229345,0.5619149999999999,44.22008127167281,2304
10240,25,M2,0.093722,0.005976,0.0044,0.104098,1713.5207496653281,2300
10240,25,M1,0.144719,0.003895,0.003464,0.152078,2629.0115532734276,92
10240,25,M4,0.264367,0.005576,0.004672,0.27461500000000005,1836.4418938307033,2364
10240,26,M2,0.095722,0.004711,0.004128,0.10456099999999999,2173.6361706644025,2300
10240,26,M4,0.230089,0.005024,0.004112,0.239225,2038.2165605095545,2364
10240,26,M1,0.137607,0.003911,0.003512,0.14503,2618.2562004602405,92
10240,26,M5,0.223489,0.253847,0.230913,0.708249,40.33925947519569,2368
10240,26,M3,0.104097,0.231873,0.239376,0.575346,44.16210598042895,2304
10240,27,M3,0.100834,0.231721,0.228985,0.5615399999999999,44.191074611278225,2304
10240,27,M2,0.098369,0.006208,0.004815,0.109392,1649.4845360824745,2300
10240,27,M5,0.360552,0.289357,0.229305,0.8792139999999999,35.38881036228604,2368
10240,27,M4,0.270358,0.006887,0.005064,0.282309,1486.859300130681,2364
10240,27,M1,0.163437,0.004495,0.003792,0.171724,2278.086763070078,92
10240,28,M4,0.260207,0.005736,0.004328,0.27027100000000004,1785.216178521618,2364
10240,28,M2,0.093202,0.004551,0.003984,0.101737,2250.0549329817622,2300
10240,28,M1,0.142638,0.004032,0.003568,0.15023799999999998,2539.68253968254,92
10240,28,M3,0.09329,0.236553,0.247975,0.5778179999999999,43.288396257921065,2304
10240,28,M5,0.24852,0.233064,0.228945,0.710529,43.93642947859816,2368
10240,29,M4,0.254511,0.006399,0.00472,0.26563,1600.2500390686046,2364
10240,29,M3,0.091882,0.243184,0.229041,0.564107,42.108033423251534,2304
10240,29,M5,0.258399,0.231625,0.228209,0.718233,44.209390178089585,2368
10240,29,M1,0.144191,0.006391,0.004936,0.15551800000000002,1602.253168518229,92
10240,29,M2,0.101393,0.004503,0.003784,0.10967999999999999,2274.039529202754,2300
10240,30,M4,0.244232,0.005472,0.004296,0.254,1871.345029239766,2364
10240,30,M2,0.093705,0.004784,0.003992,0.10248099999999999,2140.4682274247493,2300
10240,30,M1,0.142583,0.004112,0.003519,0.150214,2490.2723735408563,92
10240,30,M3,0.105961,0.235241,0.228265,0.569467,43.529826858413294,2304
10240,30,M5,0.258255,0.232249,0.228529,0.719033,44.0906096474043,2368
102400,1,M5,0.276422,2.295609,2.289009,4.86104,44.60689951990953,2368
102400,1,M3,0.15199,2.292729,2.276593,4.721312,44.66293225235081,2304
102400,1,M1,0.162149,0.031742,0.029822,0.223713,3226.0097032323106,92
102400,1,M4,0.290205,0.030694,0.029166,0.350065,3336.156903629374,2364
102400,1,M2,0.103009,0.029534,0.028254,0.160797,3467.1903568768203,2300
102400,2,M1,0.148502,0.028806,0.027862,0.20517,3554.8149691036588,92
102400,2,M5,0.24384,2.314479,2.283801,4.8421199999999995,44.2432184521873,2368
102400,2,M3,0.126495,2.304864,2.283889,4.715247999999999,44.42778402543491,2304
102400,2,M2,0.124103,0.032038,0.02987,0.186011,3196.2045071477623,2300
102400,2,M4,0.2518,0.029646,0.028671,0.31011700000000003,3454.0916143830536,2364
102400,3,M3,0.105809,2.298968,2.30536,4.710137,44.54172480869677,2304
102400,3,M5,0.27503,2.294784,2.269899,4.839713,44.622936189201255,2368
102400,3,M2,0.123424,0.03211,0.029894,0.185428,3189.0376829648085,2300
102400,3,M4,0.271886,0.030638,0.029279,0.331803,3342.254716365298,2364
102400,3,M1,0.164245,0.029078,0.028766,0.22208899999999998,3521.5626934452166,92
102400,4,M5,0.253247,2.287049,2.281434,4.8217300000000005,44.773854867123525,2368
102400,4,M2,0.139255,0.032277,0.029878,0.20140999999999998,3172.5377203581497,2300
102400,4,M3,0.107401,2.283265,2.268962,4.659628,44.84805749661121,2304
102400,4,M1,0.195835,0.032038,0.029734,0.257607,3196.2045071477623,92
102400,4,M4,0.256559,0.030102,0.028614,0.31527499999999997,3401.7673244302705,2364
102400,5,M1,0.144502,0.028222,0.027622,0.200346,3628.3750265750127,92
102400,5,M3,0.112216,2.292465,2.279202,4.683883,44.6680756303804,2304
102400,5,M2,0.12356,0.031758,0.029782,0.18510000000000001,3224.3844070785312,2300
102400,5,M4,0.254567,0.02991,0.028806,0.313283,3423.6041457706456,2364
102400,5,M5,0.268974,2.288985,2.273986,4.831944999999999,44.735985600604636,2368
102400,6,M1,0.16091,0.031774,0.029622,0.222306,3222.7607477812053,92
102400,6,M2,0.145518,0.030526,0.029582,0.205626,3354.517460525454,2300
102400,6,M5,0.257311,2.30196,2.278858,4.838129,44.483831169959515,2368
102400,6,M4,0.27115,0.031838,0.029966,0.33295399999999997,3216.282429800867,2364
102400,6,M3,0.104042,2.285954,2.274777,4.664773,44.79530209269303,2304
102400,7,M5,0.268295,2.290761,2.266283,4.825339,44.701302318312564,2368
102400,7,M2,0.140927,0.031942,0.02991,0.202779,3205.810531588504,2300
102400,7,M1,0.152638,0.028622,0.027695,0.208955,3577.6675284745997,92
102400,7,M4,0.264519,0.03055,0.028982,0.32405100000000003,3351.882160392799,2364
102400,7,M3,0.103353,2.295369,2.275681,4.674403,44.61156354381366,2304
102400,8,M2,0.133191,0.03187,0.030078,0.195139,3213.0530279259497,2300
102400,8,M1,0.152238,0.02863,0.027534,0.208402,3576.66783094656,92
102400,8,M3,0.110145,2.307983,2.27689,4.695018,44.36774447645412,2304
102400,8,M4,0.270966,0.031942,0.030102,0.33301,3205.810531588504,2364
102400,8,M5,0.277253,2.289617,2.277186,4.844056,44.72363718473439,2368
102400,9,M5,0.267366,2.316511,2.271074,4.854951,44.20440913080059,2368
102400,9,M1,0.16051,0.031558,0.02951,0.22157800000000002,3244.819063311997,92
102400,9,M3,0.121776,2.290569,2.269155,4.6815,44.70504926941734,2304
102400,9,M4,0.268054,0.031902,0.029838,0.329794,3209.8301046956303,2364
102400,9,M2,0.104314,0.029094,0.042678,0.176086,3519.6260397332785,2300
102400,10,M5,0.256255,2.288537,2.276249,4.821040999999999,44.744743038893404,2368
102400,10,M3,0.122688,2.27989,2.266874,4.669452,44.91444762685919,2304
102400,10,M1,0.162333,0.032158,0.029846,0.224337,3184.2776292057965,92
102400,10,M4,0.274278,0.03039,0.029358,0.33402600000000005,3369.529450477131,2364
102400,10,M2,0.103961,0.029598,0.028486,0.162045,3459.693222515035,2300
102400,11,M2,0.099002,0.029534,0.028542,0.15707800000000002,3467.1903568768203,2300
102400,11,M1,0.147911,0.028358,0.027591,0.20385999999999999,3610.9739755977153,92
102400,11,M5,0.258951,2.299616,2.269115,4.827682,44.529173566369344,2368
102400,11,M3,0.123312,2.278193,2.269634,4.671139,44.947903886984115,2304
102400,11,M4,0.268294,0.031822,0.02987,0.329986,3217.8995663377536,2364
102400,12,M3,0.121208,2.295088,2.267035,4.683331,44.6170255781042,2304
102400,12,M2,0.122512,0.031718,0.029742,0.183972,3228.4507219875154,2300
102400,12,M4,0.254591,0.029654,0.028878,0.31312300000000004,3453.159776084171,2364
102400,12,M5,0.264887,2.294064,2.271019,4.829969999999999,44.6369412536006,2368
102400,12,M1,0.161509,0.031654,0.029742,0.22290500000000002,3234.9782018070387,92
102400,13,M5,0.271142,2.289801,2.267634,4.828577,44.72004335747953,2368
102400,13,M1,0.16071,0.031766,0.029622,0.222098,3223.572372977397,92
102400,13,M4,0.275318,0.030702,0.029118,0.335138,3335.287603413459,2364
102400,13,M3,0.101034,2.282874,2.269202,4.65311,44.855738862504026,2304
102400,13,M2,0.128912,0.03219,0.029854,0.190956,3181.112146629388,2300
102400,14,M2,0.100906,0.029366,0.028142,0.158414,3487.025812163727,2300
102400,14,M4,0.263303,0.030494,0.02915,0.32294700000000004,3358.0376467501806,2364
102400,14,M5,0.245232,2.289153,2.263402,4.7977870000000005,44.732702444965454,2368
102400,14,M3,0.1238,2.276482,2.268067,4.668349,44.98168665511083,2304
102400,14,M1,0.161725,0.031902,0.030118,0.223745,3209.8301046956303,92
102400,15,M5,0.267974,2.289049,2.279169,4.8361920000000005,44.734734817821725,2368
102400,15,M3,0.124616,2.289849,2.278226,4.692691,44.719105932312566,2304
102400,15,M4,0.30582,0.03215,0.03015,0.36812,3185.0699844479004,2364
102400,15,M1,0.14787,0.028582,0.027638,0.20409,3582.674410468127,92
102400,15,M2,0.12464,0.029959,0.028967,0.18356599999999998,3418.0046062952706,2300
102400,16,M4,0.279989,0.030974,0.02995,0.34091299999999997,3305.9985794537356,2364
102400,16,M3,0.109809,2.281449,2.265875,4.657133,44.88375589373245,2304
102400,16,M2,0.124328,0.031877,0.02979,0.185995,3212.347460551495,2300
102400,16,M5,0.258439,2.304904,2.284393,4.847736,44.427013012255614,2368
102400,16,M1,0.173149,0.031925,0.03003,0.235104,3207.5176194205173,92
102400,17,M3,0.12564,2.291961,2.297216,4.714817,44.67789809686989,2304
102400,17,M2,0.127464,0.045013,0.030134,0.20261099999999999,2274.8983626952217,2300
102400,17,M1,0.152542,0.02847,0.027606,0.208618,3596.768528275378,92
102400,17,M5,0.24364,2.293081,2.290777,4.827498,44.65607625722772,2368
102400,17,M4,0.267575,0.031998,0.030278,0.329851,3200.200012500781,2364
102400,18,M4,0.248296,0.029886,0.028566,0.30674799999999997,3426.3534765442014,2364
102400,18,M3,0.112297,2.293384,2.273274,4.678955,44.650176333313574,2304
102400,18,M5,0.275229,2.295601,2.283977,4.854807,44.60705497166102,2368
102400,18,M2,0.122536,0.031974,0.030246,0.184756,3202.602114217802,2300
102400,18,M1,0.15063,0.028278,0.027886,0.20679399999999998,3621.189617370394,92
102400,19,M1,0.13895,0.028526,0.027247,0.19472299999999998,3589.7076351398723,92
102400,19,M3,0.142663,2.29828,2.280073,4.7210160000000005,44.555058565535965,2304
102400,19,M5,0.269182,2.3034,2.278393,4.850975,44.45602153338543,2368
102400,19,M4,0.27311,0.046012,0.030022,0.349144,2225.506389637486,2364
102400,19,M2,0.134175,0.030358,0.029326,0.19385899999999998,3373.0812306476055,2300
102400,20,M1,0.15187,0.028862,0.02795,0.208682,3547.917677222646,92
102400,20,M4,0.244928,0.02967,0.02851,0.303108,3451.2976070104487,2364
102400,20,M2,0.102225,0.029366,0.028606,0.16019699999999998,3487.025812163727,2300
102400,20,M5,0.266111,2.296992,2.274298,4.837401,44.58004207241471,2368
102400,20,M3,0.121471,2.297161,2.284521,4.703153,44.57676236014803,2304
102400,21,M1,0.159477,0.031766,0.029742,0.220985,3223.572372977397,92
102400,21,M3,0.115985,2.291296,2.275058,4.682339000000001,44.69086490789493,2304
102400,21,M5,0.269142,2.289577,2.29316,4.851879,44.7244185279639,2368
102400,21,M2,0.123367,0.032486,0.030102,0.185955,3152.1270701225144,2300
102400,21,M4,0.253968,0.029934,0.029222,0.31312400000000007,3420.8592236253094,2364
102400,22,M1,0.145542,0.028646,0.027646,0.201834,3574.6701110102636,92
102400,22,M5,0.270134,2.293928,2.27485,4.8389120000000005,44.63958764180916,2368
102400,22,M3,0.121464,2.30396,2.294609,4.720033,44.445216062778876,2304
102400,22,M4,0.269782,0.032094,0.029974,0.33185000000000003,3190.627531625849,2364
102400,22,M2,0.133432,0.030542,0.029118,0.193092,3352.7601335865365,2300
102400,23,M4,0.253008,0.030062,0.028911,0.311981,3406.293659769809,2364
102400,23,M5,0.250376,2.295889,2.281425,4.8276900000000005,44.601459391111675,2368
102400,23,M2,0.126336,0.031989,0.029766,0.188091,3201.100378255025,2300
102400,23,M1,0.151158,0.028246,0.028078,0.20748199999999997,3625.292076754231,92
102400,23,M3,0.113424,2.317551,2.277658,4.708633000000001,44.18457242149148,2304
102400,24,M2,0.123176,0.032014,0.030038,0.185228,3198.6006122321483,2300
102400,24,M4,0.256207,0.03003,0.02915,0.31538700000000003,3409.9234099234104,2364
102400,24,M1,0.166781,0.029142,0.028582,0.224505,3513.8288381030816,92
102400,24,M3,0.112321,2.289689,2.278146,4.680156,44.72223083571612,2304
102400,24,M5,0.287709,2.304088,2.27433,4.8661270000000005,44.44274697841402,2368
102400,25,M3,0.12112,2.302208,2.273434,4.696762,44.479039252752145,2304
102400,25,M4,0.269094,0.03211,0.029894,0.331098,3189.0376829648085,2364
102400,25,M5,0.270246,2.29932,2.286137,4.855703,44.53490597220048,2368
102400,25,M2,0.126327,0.032542,0.029894,0.188763,3146.7027226353634,2300
102400,25,M1,0.170613,0.029294,0.028054,0.227961,3495.596367856899,92
102400,26,M2,0.115696,0.029982,0.028806,0.174484,3415.3825628710565,2300
102400,26,M5,0.246759,2.292449,2.289057,4.828265,44.66838738833449,2368
102400,26,M1,0.161022,0.03199,0.029742,0.22275399999999998,3201.0003125976873,92
102400,26,M3,0.117408,2.294312,2.27897,4.69069,44.63211629455802,2304
102400,26,M4,0.269719,0.032014,0.030182,0.33191499999999996,3198.6006122321483,2364
102400,27,M2,0.116152,0.029678,0.028326,0.174156,3450.3672754228724,2300
102400,27,M3,0.100945,2.299328,2.270427,4.6707,44.53475102290757,2304
102400,27,M5,0.264167,2.295089,2.283281,4.842537,44.61700613788833,2368
102400,27,M4,0.268758,0.032318,0.029934,0.33101,3168.512903026178,2364
102400,27,M1,0.145286,0.02839,0.027766,0.201442,3606.9038393800633,92
102400,28,M2,0.108672,0.029318,0.028406,0.166396,3492.7348386656663,2300
102400,28,M4,0.267614,0.030326,0.028998,0.32693800000000006,3376.640506496076,2364
102400,28,M5,0.266702,2.291841,2.286121,4.844664,44.680237416120924,2368
102400,28,M1,0.161677,0.03175,0.029638,0.22306499999999999,3225.196850393701,92
102400,28,M3,0.120272,2.302816,2.283506,4.706594,44.467295693620336,2304
102400,29,M2,0.12424,0.032014,0.02991,0.186164,3198.6006122321483,2300
102400,29,M5,0.253863,2.303272,2.28301,4.840145,44.45849209298772,2368
102400,29,M4,0.269342,0.03191,0.030014,0.331266,3209.025383892197,2364
102400,29,M1,0.145247,0.028078,0.027222,0.20054699999999998,3646.983403376309,92
102400,29,M3,0.122303,2.294801,2.26845,4.685554,44.622605620269475,2304
102400,30,M5,0.27143,2.292057,2.281913,4.8454,44.676026817832195,2368
102400,30,M3,0.12572,2.301728,2.277738,4.705185999999999,44.48831486604847,2304
102400,30,M2,0.139975,0.034406,0.032046,0.20642699999999997,2976.2250770214496,2300
102400,30,M4,0.258743,0.030318,0.029558,0.318619,3377.531499439277,2364
102400,30,M1,0.147158,0.028462,0.027718,0.203338,3597.7794954676415,92
1048576,1,M3,0.126272,23.062246,23.110554,46.299071999999995,45.46721078250574,2304
1048576,1,M5,0.298412,23.155768,23.120714,46.574894,45.28357686084953,2368
1048576,1,M4,0.307148,0.289605,0.287253,0.884006,3620.710968387976,2364
1048576,1,M1,0.153782,0.29706,0.283461,0.7343029999999999,3529.845822392783,92
1048576,1,M2,0.133943,0.284957,0.298196,0.7170960000000001,3679.769228339714,2300
1048576,2,M3,0.142047,23.135425,23.07938,46.356852,45.32339475069077,2304
1048576,2,M2,0.171765,0.311988,0.290669,0.7744219999999999,3360.9497801197476,2300
1048576,2,M5,0.290557,23.107411,23.102763,46.500731,45.37834203927043,2368
1048576,2,M1,0.198899,0.295517,0.284317,0.7787329999999999,3548.2764104941507,92
1048576,2,M4,0.309995,0.285173,0.285157,0.880325,3676.982042479477,2364
1048576,3,M5,0.288645,23.134241,23.100611,46.523497,45.32571438155244,2368
1048576,3,M3,0.155342,23.132849,23.076477,46.364668,45.32844181881791,2304
1048576,3,M4,0.352329,0.291557,0.283853,0.927739,3596.469987000826,2364
1048576,3,M1,0.177669,0.283574,0.28027,0.741513,3697.7155874657055,92
1048576,3,M2,0.129655,0.305828,0.282493,0.717976,3428.6461671266197,2300
1048576,4,M3,0.142166,23.112163,23.070389,46.324718,45.36901197867114,2304
1048576,4,M2,0.137286,0.302764,0.284549,0.724599,3463.344387047337,2300
1048576,4,M4,0.274566,0.298757,0.281741,0.855064,3509.7955863795655,2364
1048576,4,M1,0.15323,0.283821,0.293996,0.731047,3694.4975882686617,92
1048576,4,M5,0.270854,23.119401,23.08601,46.476265,45.35480828417656,2368
1048576,5,M3,0.182116,23.143702,23.102217,46.428035,45.307185514227584,2304
1048576,5,M1,0.189883,0.29246,0.303492,0.785835,3585.365520071121,92
1048576,5,M5,0.292517,23.131207,23.113168,46.536892,45.33165951953998,2368
1048576,5,M2,0.155701,0.309171,0.286173,0.751045,3391.5729483036894,2300
1048576,5,M4,0.282813,0.304308,0.282413,0.869534,3445.7720467421163,2364
1048576,6,M5,0.266734,23.153222,23.138087,46.558043,45.28855638321094,2368
1048576,6,M4,0.326882,0.295741,0.311267,0.9338899999999999,3545.5888767536453,2364
1048576,6,M2,0.136919,0.289989,0.283957,0.7108650000000001,3615.9164657969786,2300
1048576,6,M3,0.147038,23.180324,23.101017,46.42837899999999,45.2356058526188,2304
1048576,6,M1,0.205939,0.294125,0.308163,0.808227,3565.069273268168,92
1048576,7,M3,0.164429,23.150678,23.146222,46.461329,45.29353308788623,2304
1048576,7,M1,0.227721,0.296652,0.284373,0.808746,3534.7005919393764,92
1048576,7,M5,0.33309,23.124712,23.171764,46.629566,45.344391748532914,2368
1048576,7,M4,0.354969,0.318691,0.289013,0.9626729999999999,3290.2592166079367,2364
1048576,7,M2,0.131616,0.289797,0.300676,0.722089,3618.3121288350117,2300
1048576,8,M2,0.142903,0.288917,0.281366,0.713186,3629.3329918281024,2300
1048576,8,M5,0.289813,23.12308,23.129775,46.542668,45.34759210278215,2368
1048576,8,M4,0.350649,0.313956,0.28946,0.9540649999999999,3339.882021684567,2364
1048576,8,M3,0.136423,23.120944,23.096369,46.353736,45.35178148435462,2304
1048576,8,M1,0.201875,0.297109,0.284949,0.783933,3529.2636709086564,92
1048576,9,M4,0.332058,0.285973,0.282325,0.9003559999999999,3666.695806946809,2364
1048576,9,M1,0.160518,0.30494,0.282917,0.748375,3438.6305502721843,92
1048576,9,M2,0.136903,0.312235,0.285581,0.7347189999999999,3358.2910307941133,2300
1048576,9,M5,0.276254,23.200034,23.164109,46.640397,45.19717514207091,2368
1048576,9,M3,0.21033,23.129447,23.127072,46.466848999999996,45.33510896304611,2304
1048576,10,M1,0.222426,0.315283,0.288317,0.8260259999999999,3325.8247352378653,92
1048576,10,M3,0.182972,23.154054,23.169285,46.506311,45.28692901899598,2304
1048576,10,M5,0.368303,23.1252,23.11452,46.608023,45.34343486759033,2368
1048576,10,M2,0.212346,0.295189,0.289052,0.7965869999999999,3552.2190867545874,2300
1048576,10,M4,0.3019,0.286981,0.284261,0.873142,3653.8168032029994,2364
1048576,11,M1,0.156965,0.301732,0.283142,0.741839,3475.189903623083,92
1048576,11,M2,0.128432,0.287341,0.307011,0.722784,3649.239057426542,2300
1048576,11,M4,0.270182,0.293229,0.301316,0.864727,3575.9628140463597,2364
1048576,11,M3,0.132048,23.144334,23.124392,46.400774,45.30594831547108,2304
1048576,11,M5,0.322499,23.189268,23.124384,46.636151,45.21815867581503,2368
1048576,12,M1,0.186307,0.291468,0.301413,0.779188,3597.568172149258,92
1048576,12,M5,0.290605,23.138063,23.155254,46.583922,45.31822737279261,2368
1048576,12,M4,0.353257,0.297893,0.290357,0.941507,3519.9752931421685,2364
1048576,12,M3,0.126896,23.062676,23.035773,46.225345,45.46636305344618,2304
1048576,12,M2,0.193691,0.297965,0.284869,0.7765249999999999,3519.1247294145282,2300
1048576,13,M4,0.323163,0.286597,0.285709,0.895469,3658.7124080154363,2364
1048576,13,M5,0.291156,23.173581,23.141286,46.606023,45.24876841434218,2368
1048576,13,M2,0.219865,0.325587,0.292701,0.838153,3220.570845887581,2300
1048576,13,M1,0.191099,0.287517,0.3033,0.781916,3647.0052205608713,92
1048576,13,M3,0.148798,23.20085,23.137303,46.486951,45.19558550656549,2304
1048576,14,M2,0.21077,0.293605,0.284717,0.789092,3571.383321128727,2300
1048576,14,M5,0.327723,23.130111,23.08177,46.539604,45.33380752042219,2368
1048576,14,M3,0.153886,23.093466,23.054732,46.302084,45.40574377185304,2304
1048576,14,M4,0.373807,0.293101,0.284149,0.951057,3577.5244710867587,2364
1048576,14,M1,0.157405,0.29974,0.280966,0.738111,3498.2851804897577,92
1048576,15,M5,0.264622,23.17518,23.141895,46.581697000000005,45.24564642000623,2368
1048576,15,M3,0.177909,23.160702,23.146334,46.484944999999996,45.27392995255498,2304
1048576,15,M1,0.214257,0.309891,0.286421,0.8105690000000001,3383.692975917338,92
1048576,15,M4,0.315403,0.307204,0.287429,0.9100359999999998,3413.288889467585,2364
1048576,15,M2,0.156438,0.309235,0.284653,0.750326,3390.8710204213626,2300
1048576,16,M2,0.128312,0.285733,0.303884,0.717929,3669.775629696255,2300
1048576,16,M1,0.157406,0.287158,0.282398,0.726962,3651.5646438546028,92
1048576,16,M5,0.298348,23.17398,23.129792,46.60212,45.24798933976813,2368
1048576,16,M3,0.160301,23.177484,23.154382,46.492166999999995,45.241148694137806,2304
1048576,16,M4,0.345593,0.300636,0.314147,0.9603759999999999,3487.85907210048,2364
1048576,17,M3,0.132847,23.206162,23.130199,46.469208,45.18524002374887,2304
1048576,17,M4,0.374423,0.293204,0.286213,0.95384,3576.2677180393175,2364
1048576,17,M2,0.128336,0.309612,0.287685,0.725633,3386.7421159386586,2300
1048576,17,M1,0.164406,0.286677,0.304628,0.755711,3657.691408798055,92
1048576,17,M5,0.274278,23.168829,23.102641,46.545747999999996,45.25804907964921,2368
1048576,18,M1,0.228313,0.294453,0.284365,0.807131,3561.0980360193303,92
1048576,18,M5,0.335514,23.169349,23.119408,46.624271,45.25703333313336,2368
1048576,18,M4,0.326218,0.313988,0.289684,0.9298900000000001,3339.5416385339563,2364
1048576,18,M3,0.151446,23.150942,23.110009,46.412397,45.2930165865389,2304
1048576,18,M2,0.18422,0.296757,0.288901,0.7698780000000001,3533.4499270446863,2300
1048576,19,M3,0.13044,23.124095,23.203811,46.458346000000006,45.345601633274725,2304
1048576,19,M5,0.348441,23.12068,23.113905,46.583026000000004,45.3522993268364,2368
1048576,19,M4,0.362856,0.294844,0.301596,0.9592959999999999,3556.3755748802755,2364
1048576,19,M2,0.143247,0.285734,0.281381,0.7103619999999999,3669.7627863677403,2300
1048576,19,M1,0.161717,0.294076,0.285453,0.7412460000000001,3565.6632979229857,92
1048576,20,M1,0.15511,0.312124,0.286637,0.753871,3359.4853327523674,92
1048576,20,M3,0.137407,23.09405,23.137207,46.368663999999995,45.404595555998185,2304
1048576,20,M2,0.224577,0.300612,0.288093,0.8132820000000001,3488.1375327664896,2300
1048576,20,M4,0.331034,0.292532,0.286269,0.9098350000000001,3584.4830651005695,2364
1048576,20,M5,0.293333,23.151997,23.101738,46.547068,45.29095265518564,2368
1048576,21,M3,0.153062,23.171421,23.127455,46.451938,45.252986426684835,2304
1048576,21,M4,0.377759,0.301468,0.290597,0.969824,3478.2331789775367,2364
1048576,21,M1,0.180564,0.287701,0.285526,0.753791,3644.6727679083488,92
1048576,21,M2,0.135671,0.308164,0.284213,0.728048,3402.655728767799,2300
1048576,21,M5,0.270214,23.111952,23.123848,46.50601399999999,45.36942617395536,2368
1048576,22,M2,0.143295,0.289077,0.284269,0.716641,3627.3242077370387,2300
1048576,22,M1,0.181948,0.286917,0.283805,0.75267,3654.6318273228844,92
1048576,22,M3,0.131063,23.121384,23.12044,46.372887,45.35091843983042,2304
1048576,22,M4,0.2997,0.288293,0.30058,0.8885730000000001,3637.1885546995586,2364
1048576,22,M5,0.274318,23.165445,23.108936,46.548699,45.26466035942759,2368
1048576,23,M2,0.139975,0.306052,0.286957,0.732984,3426.1367349339325,2300
1048576,23,M5,0.298324,23.09241,23.059812,46.450546,45.40782014523386,2368
1048576,23,M1,0.209162,0.290189,0.284685,0.784036,3613.42435447243,92
1048576,23,M3,0.190467,23.084066,23.10433,46.378863,45.42423332180734,2304
1048576,23,M4,0.357857,0.293604,0.308196,0.959657,3571.395485075135,2364
1048576,24,M5,0.268798,23.086906,23.111753,46.467456999999996,45.41864553006799,2368
1048576,24,M1,0.220378,0.29974,0.284677,0.8047949999999999,3498.2851804897577,92
1048576,24,M4,0.33465,0.286286,0.282029,0.9029649999999999,3662.686963386264,2364
1048576,24,M3,0.126815,23.172157,23.108648,46.407619999999994,45.25154908971142,2304
1048576,24,M2,0.176693,0.291101,0.283413,0.751207,3602.103737190872,2300
1048576,25,M5,0.310763,23.126312,23.072891,46.509966,45.34125458482096,2368
1048576,25,M3,0.170612,23.118648,23.117064,46.406324,45.35628554057313,2304
1048576,25,M2,0.172404,0.297685,0.289548,0.759637,3522.434788450879,2300
1048576,25,M1,0.202259,0.287261,0.283149,0.7726689999999999,3650.255342702281,92
1048576,25,M4,0.27179,0.303028,0.285446,0.860264,3460.327098485948,2364
1048576,26,M4,0.269007,0.310836,0.284093,0.863936,3373.4059117991483,2364
1048576,26,M5,0.274798,23.171957,23.140543,46.587298000000004,45.25193966137603,2368
1048576,26,M3,0.160365,23.21073,23.152318,46.523413000000005,45.17634731867546,2304
1048576,26,M1,0.210442,0.315531,0.289605,0.815578,3323.210714636596,92
1048576,26,M2,0.166789,0.311396,0.297556,0.775741,3367.3393364076605,2300
1048576,27,M1,0.164485,0.287333,0.306107,0.757925,3649.3406604880047,92
1048576,27,M4,0.272166,0.286693,0.308796,0.8676550000000001,3657.487277331501,2364
1048576,27,M3,0.151166,23.158574,23.12268,46.43242,45.27809009311195,2304
1048576,27,M2,0.180029,0.315771,0.289877,0.785677,3320.6849267348803,2300
1048576,27,M5,0.300069,23.187252,23.134767,46.622088000000005,45.22209013815005,2368
1048576,28,M1,0.198435,0.295836,0.308644,0.802915,3544.4503035465596,92
1048576,28,M5,0.29326,23.163413,23.138375,46.595048,45.268631181423906,2368
1048576,28,M2,0.189235,0.297612,0.293005,0.779852,3523.298791715388,2300
1048576,28,M3,0.133159,23.193587,23.116832,46.443578,45.20973836431596,2304
1048576,28,M4,0.350137,0.293628,0.306068,0.9498329999999999,3571.103573228711,2364
1048576,29,M1,0.160389,0.285365,0.27987,0.725624,3674.5080861353003,92
1048576,29,M3,0.153341,23.139447,23.127536,46.420324,45.31551683149558,2304
1048576,29,M5,0.352705,23.135743,23.109033,46.597481,45.322771782172715,2368
1048576,29,M4,0.348953,0.298636,0.303364,0.9509529999999999,3511.217669671439,2364
1048576,29,M2,0.137271,0.287102,0.280893,0.705266,3652.276891139734,2300
1048576,30,M1,0.178844,0.284301,0.280077,0.743222,3688.2599779810835,92
1048576,30,M4,0.268767,0.302332,0.286285,0.857384,3468.2931346996015,2364
1048576,30,M5,0.266582,23.178588,23.124392,46.569562000000005,45.238993850703935,2368
1048576,30,M2,0.21333,0.294581,0.305587,0.813498,3559.5506838526585,2300
1048576,30,M3,0.139111,23.139406,23.084163,46.36268,45.315597124662574,2304
5242880,1,M2,0.242768,2.521497,2.589589,5.353854,2079.2727494817564,2300
5242880,1,M3,0.175541,129.485955,130.710729,260.37222499999996,40.48995120744949,2304
5242880,1,M4,0.423308,2.53788,2.611412,5.5725999999999996,2065.850237205857,2364
5242880,1,M5,0.342473,129.370906,130.130672,259.84405100000004,40.525958749952636,2368
5242880,1,M1,0.232009,2.451102,2.560631,5.243742,2138.988911926146,92
5242880,2,M5,0.379135,129.341819,130.358241,260.07919499999997,40.53507241923048,2368
5242880,2,M4,0.423884,2.471653,2.581397,5.476934,2121.2039068590943,2364
5242880,2,M3,0.18238,129.365218,131.030861,260.57845899999995,40.52774061726546,2304
5242880,2,M1,0.233632,2.446895,2.56635,5.246877,2142.666522265974,92
5242880,2,M2,0.218106,1.449241,1.448272,3.1156189999999997,3617.6729750262384,2300
5242880,3,M4,0.311475,1.44968,1.437969,3.1991240000000003,3616.57745157552,2364
5242880,3,M2,0.143998,1.486734,1.425401,3.056133,3526.4411791214843,2300
5242880,3,M3,0.138615,129.930501,130.741319,260.810435,40.351418332482226,2304
5242880,3,M5,0.438027,131.48947,129.992825,261.92032200000006,39.873002758319736,2368
5242880,3,M1,0.248912,2.462725,2.578086,5.2897229999999995,2128.89380665726,92
5242880,4,M1,0.188252,1.444025,1.414915,3.047192,3630.74046501965,92
5242880,4,M2,0.202867,1.445385,1.412226,3.060478,3627.324207737039,2300
5242880,4,M4,0.319667,1.444025,1.436529,3.200221,3630.74046501965,2364
5242880,4,M5,0.297164,129.369514,130.00536,259.67203800000004,40.52639480426587,2368
5242880,4,M3,0.23368,132.153106,130.796308,263.183094,39.67277167136731,2304
5242880,5,M2,0.262743,2.429999,2.582782,5.275524,2157.5646738949276,2300
5242880,5,M5,0.346281,129.79815,130.466689,260.61112,40.39256337628849,2368
5242880,5,M1,0.231777,2.451206,2.559407,5.24239,2138.898158702288,92
5242880,5,M3,0.206714,129.056631,130.198076,259.461421,40.624646400385274,2304
5242880,5,M4,0.423068,2.435527,2.541184,5.3997790000000006,2152.667574615268,2364
5242880,6,M3,0.156013,129.011714,130.980147,260.147874,40.63879036596631,2304
5242880,6,M2,0.244856,2.492795,2.587406,5.325057,2103.2134611951647,2300
5242880,6,M1,0.217625,1.455136,1.430186,3.102947,3603.017175026939,92
5242880,6,M5,0.324115,129.776619,129.926977,260.027711,40.399264832134364,2368
5242880,6,M4,0.415372,2.433232,2.551592,5.400195999999999,2154.697949065276,2364
5242880,7,M5,0.348681,129.208288,130.045017,259.601986,40.576963607783426,2368
5242880,7,M3,0.233361,132.007536,129.791353,262.03225,39.7165204265308,2304
5242880,7,M4,0.447035,2.42484,2.532225,5.4041,2162.1550287854043,2364
5242880,7,M1,0.181428,1.436561,1.432265,3.050254,3649.6048549278453,92
5242880,7,M2,0.173261,1.438617,1.405996,3.017874,3644.389020844325,2300
5242880,8,M1,0.186675,1.445097,1.410323,3.0420949999999998,3628.0471137923614,92
5242880,8,M4,0.290637,1.42809,1.427394,3.146121,3671.253212332557,2364
5242880,8,M3,0.152438,129.228895,131.025144,260.406477,40.57049315480102,2304
5242880,8,M2,0.252504,2.459005,2.578886,5.290395,2132.11441213011,2300
5242880,8,M5,0.362696,129.928649,130.41576,260.707105,40.35199350067898,2368
5242880,9,M3,0.23944,131.335188,130.424968,261.999596,39.91984235024661,2304
5242880,9,M2,0.243064,2.470797,2.569151,5.283012,2121.9387914102213,2300
5242880,9,M1,0.216442,1.433497,1.418667,3.068606,3657.4056311244467,92
5242880,9,M4,0.329683,1.430306,1.435481,3.1954700000000003,3665.5652706483793,2364
5242880,9,M5,0.310291,129.459088,129.959606,259.728985,40.49835419820044,2368
5242880,10,M4,0.435547,2.442927,2.571831,5.450305,2146.1468148659374,2364
5242880,10,M2,0.17878,1.474486,1.437058,3.090324,3555.733998152577,2300
5242880,10,M3,0.155198,129.726598,130.967084,260.84888,40.414842297799254,2304
5242880,10,M1,0.232521,2.469997,2.563887,5.266405000000001,2122.6260598697086,92
5242880,10,M5,0.378095,129.651067,129.91105,259.940212,40.438386827931005,2368
5242880,11,M2,0.237952,2.443935,2.543368,5.225255000000001,2145.2616374821755,2300
5242880,11,M3,0.179452,129.912921,130.523994,260.61636699999997,40.35687874341615,2304
5242880,11,M5,0.436579,131.270968,130.677711,262.385258,39.93937181906056,2368
5242880,11,M4,0.425484,2.42864,2.559287,5.413411,2158.7719876144674,2364
5242880,11,M1,0.194811,1.447609,1.435601,3.0780209999999997,3621.7514536038393,92
5242880,12,M4,0.339394,1.450593,1.428329,3.2183159999999997,3614.3011857909146,2364
5242880,12,M2,0.159301,1.462975,1.442681,3.0649569999999997,3583.711273261676,2300
5242880,12,M3,0.142246,129.720471,130.750019,260.61273600000004,40.41675118493827,2304
5242880,12,M1,0.230449,2.537761,2.580566,5.348776000000001,2065.9471084944566,92
5242880,12,M5,0.39295,129.433873,129.100183,258.927006,40.50624367857709,2368
5242880,13,M1,0.227153,2.40333,2.464269,5.094752,2181.5064930741933,92
5242880,13,M5,0.381038,129.553682,130.363348,260.298068,40.46878420638018,2368
5242880,13,M3,0.254279,131.281407,130.855475,262.391161,39.93619599156186,2304
5242880,13,M2,0.245992,2.482069,2.56048,5.288541,2112.3022768504825,2300
5242880,13,M4,0.368792,1.450776,1.457144,3.276712,3613.8452800432324,2364
5242880,14,M4,0.316931,1.461007,1.428154,3.206092,3588.5385901641816,2364
5242880,14,M1,0.199323,1.44232,1.437514,3.079157,3635.032447723113,92
5242880,14,M2,0.153877,1.443305,1.435521,3.032703,3632.551678266202,2300
5242880,14,M3,0.143223,129.668042,130.636778,260.448043,40.433092989867156,2304
5242880,14,M5,0.438419,130.546128,129.349479,260.334026,40.16112986514621,2368
5242880,15,M2,0.2382,2.42856,2.559167,5.225927,2158.8431004381196,2300
5242880,15,M5,0.378415,129.578415,130.777417,260.734247,40.461059814630396,2368
5242880,15,M4,0.427524,2.447286,2.570503,5.4453130000000005,2142.324190960926,2364
5242880,15,M1,0.186636,1.45568,1.416019,3.058335,3601.670696856452,92
5242880,15,M3,0.186755,129.390244,130.643018,260.220017,40.519901948712615,2304
5242880,16,M3,0.234544,131.950819,130.557703,262.743066,39.73359195292301,2304
5242880,16,M1,0.24976,2.41952,2.572726,5.242006,2166.9091390027775,92
5242880,16,M5,0.365056,128.863023,129.772419,259.000498,40.68568219139171,2368
5242880,16,M2,0.243728,2.45203,2.566751,5.262509,2138.179386059714,2300
5242880,16,M4,0.362072,1.4456,1.427482,3.2351539999999996,3626.784726065302,2364
5242880,17,M5,0.306524,128.942802,129.982733,259.232059,40.6605093008604,2368
5242880,17,M4,0.428556,2.501971,2.607516,5.538043,2095.4999078726332,2364
5242880,17,M2,0.216626,1.452288,1.434346,3.1032599999999997,3610.082848580998,2300
5242880,17,M3,0.176116,130.034802,131.093083,261.304001,40.31905243336319,2304
5242880,17,M1,0.231817,2.436639,2.572038,5.240494,2151.6851696127333,92
5242880,18,M1,0.205571,1.427258,1.433746,3.066575,3673.3933178164007,92
5242880,18,M4,0.348537,1.449305,1.417899,3.2157410000000004,3617.5132218546137,2364
5242880,18,M2,0.148758,1.462175,1.415299,3.0262320000000003,3585.67202968181,2300
5242880,18,M3,0.156502,129.279627,129.743749,259.17987800000003,40.554572454018604,2304
5242880,18,M5,0.424196,132.015039,130.042641,262.481876,39.71426316057825,2368
5242880,19,M3,0.239168,130.961565,130.595812,261.79654500000004,40.03373050711482,2304
5242880,19,M5,0.423812,131.751304,130.239028,262.41414399999996,39.793761737644736,2368
5242880,19,M1,0.237552,2.442191,2.548016,5.227759,2146.7935964058506,92
5242880,19,M2,0.208986,1.431737,1.429018,3.0697409999999996,3661.9015922617077,2300
5242880,19,M4,0.319451,1.449097,1.45508,3.2236279999999997,3618.0324712562374,2364
5242880,20,M5,0.343346,128.99651,129.773603,259.11345900000003,40.643580202286095,2368
5242880,20,M1,0.25004,2.417688,2.541489,5.209217,2168.551111640543,92
5242880,20,M3,0.205915,129.328136,129.099311,258.63336200000003,40.53936105597316,2304
5242880,20,M4,0.422988,2.40225,2.495747,5.320985,2182.4872515350194,2364
5242880,20,M2,0.178548,1.456176,1.419323,3.0540469999999997,3600.443902385426,2300
5242880,21,M4,0.32417,1.452272,1.436561,3.213003,3610.1226216576515,2364
5242880,21,M5,0.298773,129.217228,130.537173,260.053174,40.57415625724459,2368
5242880,21,M1,0.233488,2.436223,2.552695,5.222405999999999,2152.052583035297,92
5242880,21,M3,0.209594,129.746976,129.811308,259.767878,40.40849476137309,2304
5242880,21,M2,0.264487,2.423672,2.548824,5.236983,2163.19700025416,2300
5242880,22,M4,0.337354,1.45196,1.422923,3.212237,3610.8983718559743,2364
5242880,22,M3,0.178405,128.40273,129.302582,257.883717,40.83153060686483,2304
5242880,22,M2,0.243872,2.437871,2.535873,5.217616,2150.5977961918416,2300
5242880,22,M1,0.201162,1.444625,1.429866,3.075653,3629.2324997836813,92
5242880,22,M5,0.323843,129.010409,129.832331,259.16658300000006,40.63920144614068,2368
5242880,23,M4,0.429996,2.435447,2.588981,5.4544239999999995,2152.73828582597,2364
5242880,23,M2,0.185923,1.474462,1.447377,3.107762,3555.791875273829,2300
5242880,23,M3,0.150302,129.66999,131.036204,260.856496,40.43248557357026,2304
5242880,23,M1,0.251519,2.454742,2.594429,5.3006899999999995,2135.8171245695066,92
5242880,23,M5,0.374855,129.746025,129.507288,259.62816799999996,40.408790943691734,2368
5242880,24,M1,0.229337,2.370044,2.479228,5.078609,2212.1445846575,92
5242880,24,M4,0.359824,1.443824,1.423242,3.22689,3631.2459136293623,2364
5242880,24,M2,0.143855,1.439473,1.437865,3.0211930000000002,3642.2218409098336,2300
5242880,24,M3,0.140695,128.961965,130.103985,259.206645,40.654467385015415,2304
5242880,24,M5,0.423308,130.631207,129.469843,260.524358,40.13497326102178,2368
5242880,25,M5,0.406573,131.987285,130.690914,263.08477200000004,39.72261418969259,2368
5242880,25,M4,0.434459,2.506875,2.566335,5.507669,2091.4006482174022,2364
5242880,25,M1,0.202451,1.439385,1.430706,3.072542,3642.444516234364,92
5242880,25,M2,0.18534,1.454745,1.443457,3.083542,3603.985578228487,2300
5242880,25,M3,0.154054,128.876346,129.065205,258.095605,40.681476180275936,2304
5242880,26,M4,0.434211,2.377003,2.517986,5.3292,2205.6682301200294,2364
5242880,26,M1,0.187636,1.440689,1.447977,3.076302,3639.1476578220563,92
5242880,26,M3,0.1823,129.346395,130.166421,259.695116,40.53363837469146,2304
5242880,26,M5,0.4321,131.534355,130.652949,262.61940400000003,39.85939642916864,2368
5242880,26,M2,0.248063,2.448463,2.555079,5.251605,2141.2943548667063,2300
5242880,27,M1,0.203914,1.442657,1.438649,3.08522,3634.183315923328,92
5242880,27,M4,0.316027,1.448905,1.433777,3.198709,3618.5119107187847,2364
5242880,27,M5,0.331866,129.45442,130.546524,260.33281,40.49981452931465,2368
5242880,27,M2,0.245407,2.453575,2.563566,5.262548,2136.8329885982703,2300
5242880,27,M3,0.180084,128.885761,129.558773,258.624618,40.678504431532986,2304
5242880,28,M5,0.408181,131.510364,130.132616,262.05116100000004,39.866667846801796,2368
5242880,28,M3,0.241728,131.086321,130.466201,261.79425000000003,39.99563005509934,2304
5242880,28,M1,0.232249,2.480285,2.589221,5.301755,2113.821597114848,92
5242880,28,M2,0.207155,1.436762,1.438802,3.082719,3649.0942828387724,2300
5242880,28,M4,0.316323,1.45064,1.440281,3.207244,3614.184084266255,2364
5242880,29,M4,0.33217,1.44792,1.434538,3.2146280000000003,3620.9735344494175,2364
5242880,29,M1,0.169101,1.428242,1.448545,3.0458879999999997,3670.8625008927065,92
5242880,29,M2,0.144903,1.450017,1.418466,3.0133859999999997,3615.7369189464675,2300
5242880,29,M5,0.304724,129.688021,129.966834,259.95957899999996,40.42686409718598,2368
5242880,29,M3,0.240193,130.91938,130.212857,261.37243,40.04663022388282,2304
5242880,30,M4,0.411725,2.508506,2.552976,5.473207,2090.0408450288737,2364
5242880,30,M5,0.353481,128.744203,129.915925,259.013609,40.72323163164092,2368
5242880,30,M1,0.231241,2.453822,2.564414,5.249477000000001,2136.6178964896394,92
5242880,30,M2,0.207962,1.452104,1.439273,3.099339,3610.5402918799205,2300
5242880,30,M3,0.151942,129.711971,130.767421,260.63133400000004,40.41939968671049,2304
10485760,1,M4,0.404509,4.87175,5.121238,10.397497,2152.360034895058,2364
10485760,1,M2,0.191532,4.738096,4.587194,9.516822,2213.074619003077,2300
10485760,1,M1,0.197259,4.488368,4.642557,9.328184,2336.2077262826933,92
10485760,1,M5,0.344353,260.798675,260.314387,521.4574150000001,40.20633923849499,2368
10485760,1,M3,0.2394,262.386938,259.222795,521.8491329999999,39.96296492472503,2304
10485760,2,M2,0.225489,4.816154,4.902405,9.944047999999999,2177.206127544925,2300
10485760,2,M4,0.36524,4.578058,4.646405,9.589703,2290.438434812316,2364
10485760,2,M3,0.176612,261.453631,260.41894,522.049183,40.105620105157385,2304
10485760,2,M1,0.234288,4.916284,5.149236,10.299808,2132.8629509605225,92
10485760,2,M5,0.400157,261.496797,259.115609,521.012563,40.09899975945021,2368
10485760,3,M1,0.232025,5.0247,4.982111,10.238836,2086.8429956017276,92
10485760,3,M3,0.226241,261.883363,260.003288,522.112892,40.039809630824095,2304
10485760,3,M5,0.424284,263.029768,259.603753,523.0578049999999,39.86529767991888,2368
10485760,3,M2,0.254679,4.793068,4.948849,9.996596,2187.6927262454865,2300
10485760,3,M4,0.362152,4.626127,4.645877,9.634156,2266.639026555043,2364
10485760,4,M3,0.175013,262.217309,260.704753,523.0970749999999,39.98881706165324,2304
10485760,4,M2,0.265102,4.871511,5.11687,10.253483,2152.465631300022,2300
10485760,4,M5,0.357825,261.455911,259.552997,521.3667330000001,40.105270368127194,2368
10485760,4,M4,0.418325,4.908364,4.90494,10.231629,2136.304479455884,2364
10485760,4,M1,0.203818,4.590593,4.739039,9.53345,2284.184200167604,92
10485760,5,M2,0.212458,4.617303,4.595728,9.425488999999999,2270.9707376795504,2300
10485760,5,M4,0.352969,4.600625,4.580065,9.533659,2279.2033691074585,2364
10485760,5,M5,0.33845,262.171249,260.186203,522.6959019999999,39.99584256471998,2368
10485760,5,M3,0.233945,262.230445,259.652503,522.116893,39.98681388806705,2304
10485760,5,M1,0.233145,4.840489,5.105943,10.179577,2166.260474923092,92
10485760,6,M2,0.232377,4.764214,4.654349,9.650939999999999,2200.9422750531357,2300
10485760,6,M3,0.220617,261.622029,259.896455,521.739101,40.07980535920392,2304
10485760,6,M1,0.233496,5.068106,5.209272,10.510874000000001,2068.970143876233,92
10485760,6,M4,0.404829,4.836473,4.836041,10.077342999999999,2168.0592448257235,2364
10485760,6,M5,0.338402,262.238901,259.388969,521.9662719999999,39.985524496992916,2368
10485760,7,M1,0.229257,4.851495,4.956353,10.037105,2161.3461417563044,92
10485760,7,M5,0.407589,261.904506,259.89252,522.204615,40.0365773011939,2368
10485760,7,M4,0.413141,4.903844,5.064194,10.381179,2138.2735666142726,2364
10485760,7,M2,0.188492,4.705178,4.684154,9.577824,2228.5575593526964,2300
10485760,7,M3,0.169077,260.870095,260.373543,521.4127149999999,40.19533170331387,2304
10485760,8,M1,0.250663,4.845528,4.981887,10.078078000000001,2164.007720108108,92
10485760,8,M2,0.21797,4.67202,4.676699,9.566689,2244.373953878622,2300
10485760,8,M3,0.192604,260.836666,259.243826,520.273096,40.20048316366688,2304
10485760,8,M5,0.421044,263.141601,259.879496,523.442141,39.848355258733875,2368
10485760,8,M4,0.446635,4.825737,5.135533,10.407905,2172.8826083974327,2364
10485760,9,M1,0.189563,4.712609,4.640397,9.542569,2225.0434950151816,92
10485760,9,M5,0.324739,261.267237,259.683285,521.275261,40.13423236837002,2368
10485760,9,M3,0.238689,262.296841,259.769,522.30453,39.97669190381138,2304
10485760,9,M4,0.413205,4.760918,4.989615,10.163737999999999,2202.4659950034847,2364
10485760,9,M2,0.179532,4.64887,4.551515,9.379916999999999,2255.5502735073255,2300
10485760,10,M1,0.198067,4.509846,4.561563,9.269476,2325.081610325497,92
10485760,10,M2,0.173117,4.564491,4.470489,9.208097,2297.2462866067654,2300
10485760,10,M5,0.311116,261.275741,259.45378,521.0406370000001,40.132926079807774,2368
10485760,10,M3,0.239936,262.475325,260.439571,523.1548319999999,39.94950763467005,2304
10485760,10,M4,0.405565,4.802883,4.955169,10.163616999999999,2183.222035598202,2364
10485760,11,M5,0.352617,261.915386,259.704764,521.972767,40.03491417644324,2368
10485760,11,M4,0.413316,4.951818,5.143308,10.508442,2117.5576323685564,2364
10485760,11,M3,0.213425,261.875765,259.517056,521.606246,40.04097133616011,2304
10485760,11,M2,0.233137,4.820586,5.078401,10.132124000000001,2175.204425354096,2300
10485760,11,M1,0.211762,4.882126,4.656157,9.750045,2147.785616348288,92
10485760,12,M1,0.187132,4.515846,4.64339,9.346368,2321.992379722427,92
10485760,12,M4,0.354745,4.63919,4.517414,9.511349,2260.256639628901,2364
10485760,12,M3,0.208035,261.364375,260.252496,521.824906,40.119316184541226,2304
10485760,12,M5,0.422716,262.367828,258.894817,521.685361,39.965875694180006,2368
10485760,12,M2,0.228585,4.845016,4.999454,10.073055,2164.23640293448,2300
10485760,13,M5,0.361536,261.432173,260.148052,521.941761,40.108911920339665,2368
10485760,13,M4,0.41678,4.977647,5.024891,10.419318,2106.569630188722,2364
10485760,13,M1,0.218073,4.650772,4.784932,9.653777000000002,2254.627833830599,92
10485760,13,M2,0.237232,4.66214,4.630126,9.529498,2249.1302277494883,2300
10485760,13,M3,0.167893,261.320543,259.487641,520.976077,40.12604550572972,2304
10485760,14,M2,0.244824,4.910004,4.972831,10.127659000000001,2135.5909282354964,2300
10485760,14,M5,0.401414,262.126026,260.520412,523.047852,40.00274280280738,2368
10485760,14,M1,0.232497,5.003118,5.024924,10.260539000000001,2095.8450310386443,92
10485760,14,M4,0.389679,4.684546,4.776749,9.850974,2238.3727259802763,2364
10485760,14,M3,0.179948,261.624635,259.476409,521.280992,40.0794061308485,2304
10485760,15,M1,0.250471,4.905699,5.104807,10.260977,2137.465017727341,92
10485760,15,M4,0.396494,4.787547,4.731639,9.91568,2190.215573862774,2364
10485760,15,M5,0.374903,262.151808,260.019597,522.546308,39.99880862923517,2368
10485760,15,M3,0.24212,261.724933,259.333067,521.3001200000001,40.06404693587218,2304
10485760,15,M2,0.256239,4.839904,4.969952,10.066095,2166.522311186338,2300
10485760,16,M1,0.205883,4.627886,4.592697,9.426466000000001,2265.7775061874904,92
10485760,16,M4,0.344594,4.561075,4.552619,9.458288,2298.9668005897734,2364
10485760,16,M5,0.344409,261.818358,260.480798,522.643565,40.049750827632955,2368
10485760,16,M2,0.245231,4.927459,5.117789,10.290479000000001,2128.025824263581,2300
10485760,16,M3,0.218642,261.085959,259.195116,520.4997169999999,40.162098491095044,2304
10485760,17,M5,0.405462,262.359675,259.231361,521.996498,39.96711766013584,2368
10485760,17,M1,0.232841,4.792675,5.048978,10.074494,2187.8721173457416,92
10485760,17,M3,0.230225,262.050815,259.908541,522.1895810000001,40.014223958815016,2304
10485760,17,M2,0.233889,4.930154,5.11615,10.280193,2126.862568593192,2300
10485760,17,M4,0.389807,4.741319,4.716904,9.848030000000001,2211.5702402643656,2364
10485760,18,M5,0.335434,261.896505,260.300067,522.532006,40.03780042807368,2368
10485760,18,M3,0.270246,261.675799,259.630103,521.576148,40.07156962956288,2304
10485760,18,M1,0.229545,4.964368,4.925274,10.119187,2112.2044135325987,92
10485760,18,M2,0.250879,4.615519,4.693778,9.560176,2271.848518010651,2300
10485760,18,M4,0.39143,4.651668,4.611104,9.654202,2254.1935494966538,2364
10485760,19,M5,0.388518,261.835253,259.677588,521.901359,40.04716660517826,2368
10485760,19,M3,0.267446,262.449524,259.815187,522.532157,39.95343500794462,2304
10485760,19,M2,0.234064,4.880302,4.961289,10.075655000000001,2148.5883455573035,2300
10485760,19,M4,0.39919,4.652293,4.692874,9.744357,2253.8907158255083,2364
10485760,19,M1,0.207186,4.583497,4.626686,9.417369,2287.7204893992516,92
10485760,20,M3,0.190683,261.146243,259.590961,520.927887,40.15282731829307,2304
10485760,20,M4,0.42318,4.856383,4.984223,10.263786,2159.1707243847945,2364
10485760,20,M2,0.193515,4.641749,4.69557,9.530833999999999,2259.0105583046393,2300
10485760,20,M1,0.197931,4.606775,4.563051,9.367757,2276.160654687933,92
10485760,20,M5,0.3526,261.921465,260.354573,522.628638,40.03398499622778,2368
10485760,21,M2,0.235592,4.736336,5.067257,10.039185,2213.896987038082,2300
10485760,21,M3,0.181484,261.314454,259.448266,520.944204,40.12698049989995,2304
10485760,21,M5,0.434636,263.151492,260.605901,524.192029,39.84685748998148,2368
10485760,21,M4,0.434092,4.808682,4.988583,10.231357,2180.589192631162,2364
10485760,21,M1,0.198907,4.668172,4.627311,9.49439,2246.224003742793,92
10485760,22,M3,0.18402,262.171981,260.177921,522.5339220000001,39.99573089391273,2304
10485760,22,M4,0.415293,4.989535,5.141156,10.545984,2101.550545291295,2364
10485760,22,M5,0.376784,261.635625,259.988445,522.000854,40.07772259607231,2368
10485760,22,M2,0.263727,4.962368,4.93301,10.159105,2113.055702438836,2300
10485760,22,M1,0.211962,4.574338,4.69425,9.480550000000001,2292.301093622728,92
10485760,23,M1,0.182708,4.598905,4.500999,9.282612,2280.0557958905433,92
10485760,23,M2,0.219825,4.519254,4.585857,9.324936000000001,2320.241349567871,2300
10485760,23,M3,0.150606,261.954204,260.308912,522.413722,40.028981554348334,2304
10485760,23,M4,0.421748,5.073369,5.058402,10.553519,2066.82384033174,2364
10485760,23,M5,0.38603,262.109833,259.658307,522.15417,40.00521415005442,2368
10485760,24,M2,0.225721,4.84872,5.020236,10.094677,2162.5831147189365,2300
10485760,24,M3,0.199043,260.847197,259.345504,520.391744,40.19886017789948,2304
10485760,24,M1,0.233777,5.018068,5.100952,10.352797,2089.6010177622147,92
10485760,24,M5,0.382167,261.368658,259.375502,521.126327,40.11865875670526,2368
10485760,24,M4,0.440587,4.836009,5.069033,10.345628999999999,2168.2672633570373,2364
10485760,25,M4,0.384662,4.758749,4.703442,9.846853,2203.4698615119228,2364
10485760,25,M2,0.226337,4.56685,4.686659,9.479845999999998,2296.0596472404395,2300
10485760,25,M1,0.197347,4.628215,4.501055,9.326616999999999,2265.6164417599443,92
10485760,25,M3,0.180588,261.676878,260.320304,522.17777,40.07140439821359,2304
10485760,25,M5,0.413869,262.282094,259.558194,522.254157,39.97893962216117,2368
10485760,26,M3,0.232472,262.080052,259.716543,522.0290669999999,40.009760071323555,2304
10485760,26,M2,0.239936,5.047011,5.149516,10.436463,2077.617821716656,2300
10485760,26,M4,0.369152,4.752894,4.746495,9.868541,2206.1842742548015,2364
10485760,26,M5,0.404093,260.804927,259.088801,520.297821,40.205375414552655,2368
10485760,26,M1,0.23512,4.796692,4.881989,9.913801,2186.039879150048,92
10485760,27,M2,0.252495,4.597545,4.635758,9.485797999999999,2280.730259301432,2300
10485760,27,M5,0.345665,262.195148,259.851327,522.39214,39.9921969570543,2368
10485760,27,M4,0.412589,4.826689,5.120582,10.35986,2172.4540362969315,2364
10485760,27,M3,0.194011,261.532663,259.823455,521.550129,40.09350067299243,2304
10485760,27,M1,0.251527,4.947616,5.081079,10.280222,2119.3560696707264,92
10485760,28,M5,0.411949,261.669571,260.397224,522.478744,40.072523373380704,2368
10485760,28,M3,0.268094,262.558225,258.872861,521.6991800000001,39.93689399751237,2304
10485760,28,M4,0.414389,4.909938,5.065001,10.389327999999999,2135.6196351155554,2364
10485760,28,M1,0.224321,4.739453,4.636557,9.600331,2212.440971563596,92
10485760,28,M2,0.232553,4.577657,4.631285,9.441495,2290.6390758416374,2300
10485760,29,M4,0.380166,4.599223,4.526004,9.505393000000002,2279.898148013262,2364
10485760,29,M3,0.171845,261.440171,259.490876,521.1028920000001,40.10768490508676,2304
10485760,29,M1,0.23272,4.898996,5.122532,10.254248,2140.3895818653455,92
10485760,29,M2,0.228904,4.720183,4.737078,9.686164999999999,2221.473192882564,2300
10485760,29,M5,0.362896,261.464321,259.721437,521.5486539999999,40.10398038208816,2368
10485760,30,M2,0.224137,4.915722,4.920618,10.060476999999999,2133.1067948919813,2300
10485760,30,M4,0.357848,4.598752,4.679977,9.636576999999999,2280.1316531093653,2364
10485760,30,M5,0.325898,261.357808,259.712845,521.396551,40.12032424147053,2368
10485760,30,M3,0.256991,261.888094,259.846676,521.991761,40.03908631295014,2304
10485760,30,M1,0.225401,4.811497,5.036754,10.073652,2179.313423660038,92
52428800,1,M3,0.225585,1299.599323,1299.847288,2599.6721959999995,40.34228017214811,2304
52428800,1,M4,0.415533,24.105906,24.735873,49.257312,2174.9358850067697,2364
52428800,1,M2,0.236665,24.183205,23.690007,48.109877,2167.983937612901,2300
52428800,1,M1,0.23572,23.532312,24.656662,48.424694,2227.9493829590565,92
52428800,1,M5,0.41398,1302.780938,1299.395465,2602.590383,40.24375738908763,2368
52428800,2,M1,0.226905,24.002362,23.987218,48.216485,2184.3183600014036,92
52428800,2,M5,0.414661,1300.815091,1299.929941,2601.159693,40.30457546406186,2368
52428800,2,M3,0.24064,1301.920658,1300.564269,2602.725567,40.270349562269566,2304
52428800,2,M4,0.412301,24.034407,24.291302,48.73801,2181.406015134886,2364
52428800,2,M2,0.27363,24.122081,24.333107,48.728818000000004,2173.477487286441,2300
52428800,3,M1,0.223713,23.383609,24.205571,47.812893,2242.1175448152594,92
52428800,3,M3,0.237744,1300.101594,1299.833803,2600.173141,40.3266946536795,2304
52428800,3,M5,0.413917,1302.598413,1300.080867,2603.093197,40.2493964960788,2368
52428800,3,M4,0.437763,24.028415,24.011368,48.477546000000004,2181.9499954533,2364
52428800,3,M2,0.261495,23.59374,23.56375,47.418985,2222.14875640742,2300
52428800,4,M2,0.245832,23.247907,23.810517,47.304256,2255.2051675017456,2300
52428800,4,M4,0.406382,23.024785,23.422343,46.85351,2277.0592646141977,2364
52428800,4,M3,0.267526,1300.257479,1297.498288,2598.023293,40.32185997524264,2304
52428800,4,M1,0.232329,23.890216,24.703914,48.826459,2194.5720373562135,92
52428800,4,M5,0.455578,1298.758236,1298.801977,2598.015791,40.36840617963943,2368
52428800,5,M1,0.228945,24.218099,24.384312,48.831356,2164.8602559598094,92
52428800,5,M3,0.249423,1299.829334,1301.542804,2601.621561,40.33514141326495,2304
52428800,5,M2,0.231313,24.296045,24.413894,48.941252,2157.9150022153813,2300
52428800,5,M5,0.435659,1300.021657,1298.640072,2599.097388,40.32917430082475,2368
52428800,5,M4,0.416037,24.205498,24.434308,49.055842999999996,2165.98724802109,2364
52428800,6,M1,0.222226,24.046909,23.869049,48.138183999999995,2180.2719010580527,92
52428800,6,M4,0.407493,23.581556,24.351449,48.340498,2223.296885074081,2364
52428800,6,M2,0.236913,24.015335,23.650343,47.902591,2183.1383988605617,2300
52428800,6,M5,0.452075,1299.713022,1299.919025,2600.0841219999998,40.33875102622462,2368
52428800,6,M3,0.242816,1302.891332,1299.280995,2602.415143,40.24034753498537,2304
52428800,7,M3,0.239648,1303.375828,1302.025278,2605.640754,40.22538923439357,2304
52428800,7,M1,0.233601,24.147687,24.611888,48.993176000000005,2171.172750417048,92
52428800,7,M4,0.447282,24.246737,24.182892,48.876911,2162.303323535864,2364
52428800,7,M2,0.232001,23.493874,24.28143,48.007305,2231.594499910913,2300
52428800,7,M5,0.440211,1299.708529,1302.072853,2602.221593,40.3388904744196,2368
52428800,8,M5,0.432835,1302.275712,1298.546286,2601.254833,40.25937020623787,2368
52428800,8,M1,0.243496,23.975235,24.377383,48.596114,2186.789827086158,92
52428800,8,M3,0.292548,1300.87562,1299.181097,2600.349265,40.302700115173195,2304
52428800,8,M2,0.263806,24.393231,24.732304,49.389341,2149.3175709277707,2300
52428800,8,M4,0.447058,24.329779,24.292828,49.069665,2154.9229855314347,2364
52428800,9,M4,0.435339,23.116651,24.289156,47.841145999999995,2268.0101888461268,2364
52428800,9,M1,0.228904,23.38996,23.966242,47.585105999999996,2241.50874990808,92
52428800,9,M5,0.428276,1300.649326,1302.425266,2603.502868,40.30971219678316,2368
52428800,9,M3,0.239016,1302.742269,1300.250753,2603.232038,40.244951935308706,2304
52428800,9,M2,0.23812,24.065628,23.981441,48.285189,2178.5760172142614,2300
52428800,10,M2,0.228801,23.748953,23.64136,47.619113999999996,2207.625742490627,2300
52428800,10,M4,0.398493,23.20194,23.873041,47.473473999999996,2259.673113541368,2364
52428800,10,M3,0.237448,1299.739971,1297.769109,2597.746528,40.33791463661927,2304
52428800,10,M5,0.430852,1299.41056,1301.413843,2601.255255,40.34814062154459,2368
52428800,10,M1,0.236488,24.313205,24.861161,49.410854,2156.391968890979,92
52428800,11,M1,0.226897,24.270504,23.993922,48.491323,2160.1858782990253,92
52428800,11,M5,0.427411,1300.085819,1298.217495,2598.730725,40.32718397030681,2368
52428800,11,M2,0.238576,24.381545,24.780094,49.400214999999996,2150.347732270453,2300
52428800,11,M4,0.448059,24.335419,24.078293,48.861771000000005,2154.4235585177307,2364
52428800,11,M3,0.229224,1299.800422,1298.64746,2598.677106,40.33603860454817,2304
52428800,12,M2,0.290268,24.351273,24.387127,49.028667999999996,2153.020911884155,2300
52428800,12,M3,0.23988,1299.713109,1298.254149,2598.207138,40.338748326035386,2304
52428800,12,M1,0.230489,24.281429,24.45709,48.969008,2159.2139408269586,92
52428800,12,M5,0.430084,1301.291116,1300.353651,2602.0748510000003,40.289831656700564,2368
52428800,12,M4,0.409437,24.072771,24.212898,48.695105999999996,2177.9295786097914,2364
52428800,13,M2,0.264639,23.715859,24.249999,48.230497,2210.706346331373,2300
52428800,13,M3,0.232457,1300.292712,1299.17689,2599.702059,40.32076740579316,2304
52428800,13,M5,0.443099,1301.724442,1299.364421,2601.531962,40.27641973092797,2368
52428800,13,M4,0.419429,24.005303,24.814649,49.239381,2184.0507491198928,2364
52428800,13,M1,0.230345,24.189091,23.961762,48.381198,2167.4563959431134,92
52428800,14,M1,0.237721,23.209979,24.311699,47.759399,2258.890453972406,92
52428800,14,M2,0.234456,23.747983,24.202594,48.185033000000004,2207.715914231537,2300
52428800,14,M3,0.230713,1299.796882,1299.816848,2599.844443,40.33614845984836,2304
52428800,14,M5,0.441363,1300.85491,1299.473904,2600.770177,40.30334174623671,2368
52428800,14,M4,0.413989,24.028106,24.180048,48.622143,2181.9780551991907,2364
52428800,15,M5,0.432771,1300.075504,1298.776895,2599.28517,40.32750393241776,2368
52428800,15,M1,0.230257,24.011899,24.138498,48.380654,2183.4507966237907,92
52428800,15,M2,0.237456,23.529379,24.021618,47.788453000000004,2228.227102806241,2300
52428800,15,M3,0.26951,1298.102115,1299.151285,2597.5229099999997,40.388810243946025,2304
52428800,15,M4,0.417948,24.292873,24.579837,49.290658,2158.1967682455675,2364
52428800,16,M1,0.224185,24.113372,24.200031,48.537588,2174.2624797560456,92
52428800,16,M2,0.239152,23.6898,24.235573,48.164525,2213.138143842498,2300
52428800,16,M4,0.414941,23.667849,24.221589,48.304379,2215.1907425131876,2364
52428800,16,M5,0.412101,1301.264031,1297.923539,2599.599671,40.290670264442284,2368
52428800,16,M3,0.238257,1301.791084,1298.171762,2600.201103,40.274357878456634,2304
52428800,17,M5,0.435164,1301.925467,1300.344315,2602.704946,40.27020081326975,2368
52428800,17,M4,0.415853,24.103103,24.285675,48.804631,2175.188812826299,2364
52428800,17,M3,0.27139,1298.498056,1299.558612,2598.328058,40.37649479546083,2304
52428800,17,M2,0.311579,24.119025,24.358697,48.789300999999995,2173.7528776557097,2300
52428800,17,M1,0.2312,24.278286,23.651384,48.16087,2159.493466713425,92
52428800,18,M2,0.229577,23.584909,24.415773,48.230259000000004,2222.980805225918,2300
52428800,18,M4,0.412701,24.142375,23.535336,48.090412,2171.650469351089,2364
52428800,18,M3,0.231737,1300.250013,1298.477323,2598.959073,40.32209150225942,2304
52428800,18,M1,0.234465,24.121976,23.991866,48.348307000000005,2173.486948167099,92
52428800,18,M5,0.416796,1300.755124,1302.610265,2603.782185,40.306433572811365,2368
52428800,19,M2,0.230401,24.145175,24.244641,48.620217,2171.39863347439,2300
52428800,19,M4,0.417476,24.029583,23.611123,48.058182,2181.843937949319,2364
52428800,19,M5,0.411741,1299.457446,1297.675883,2597.54507,40.346684811716415,2368
52428800,19,M1,0.246351,24.267903,24.989999,49.504253000000006,2160.4174040089083,92
52428800,19,M3,0.269238,1299.157401,1298.854854,2598.281493,40.35600302137678,2304
52428800,20,M3,0.232632,1300.562652,1298.390413,2599.185697,40.31239857562817,2304
52428800,20,M1,0.234113,24.410637,24.406653,49.051403,2147.78500044878,92
52428800,20,M2,0.244968,23.424182,24.245,47.91415,2238.2339754703066,2300
52428800,20,M5,0.410157,1297.563005,1300.183194,2598.156356,40.40559094084222,2368
52428800,20,M4,0.412724,24.334051,24.793629,49.540403999999995,2154.544674867329,2364
52428800,21,M5,0.438363,1299.140799,1299.065188,2598.64435,40.3565187394288,2368
52428800,21,M4,0.415805,24.373089,24.415734,49.204628,2151.0937739570063,2364
52428800,21,M2,0.242232,24.11713,24.18323,48.542592,2173.923679973529,2300
52428800,21,M1,0.229336,23.726884,24.468019,48.424239,2209.6791133635584,92
52428800,21,M3,0.265414,1304.733141,1299.512222,2604.510777,40.18354278930668,2304
52428800,22,M5,0.408717,1298.887413,1298.916621,2598.212751,40.3643914593851,2368
52428800,22,M3,0.23496,1298.29303,1298.66575,2597.1937399999997,40.38287103798131,2304
52428800,22,M2,0.236721,24.448957,24.627298,49.312976,2144.418676019595,2300
52428800,22,M1,0.229817,24.079214,23.972621,48.281652,2177.346818712604,92
52428800,22,M4,0.410325,23.758883,24.383074,48.552282000000005,2206.703067648424,2364
52428800,23,M5,0.438099,1300.743564,1299.095977,2600.2776400000002,40.306791785133136,2368
52428800,23,M1,0.244784,24.204702,24.192999,48.642485,2166.0584790508883,92
52428800,23,M2,0.279109,23.75062,24.05636,48.086089,2207.4707944466295,2300
52428800,23,M4,0.405197,23.391836,24.061199,47.858232,2241.328983325636,2364
52428800,23,M3,0.23572,1299.023353,1300.919203,2600.1782759999996,40.36016741263312,2304
52428800,24,M2,0.254503,24.410768,24.830133,49.495404,2147.773474394579,2300
52428800,24,M1,0.237297,24.266074,24.304543,48.807914,2160.5802405448862,92
52428800,24,M5,0.450386,1301.133653,1296.926531,2598.5105700000004,40.29470752609917,2368
52428800,24,M3,0.244391,1301.214352,1298.796143,2600.2548859999997,40.292208519999484,2304
52428800,24,M4,0.427172,24.388666,24.320214,49.136052,2149.719873977527,2364
52428800,25,M1,0.229361,24.105237,24.223301,48.557899,2174.9962466662328,92
52428800,25,M3,0.236568,1299.185792,1297.056166,2596.478526,40.35512112496994,2304
52428800,25,M5,0.442203,1299.677047,1298.889892,2599.009142,40.33986760097026,2368
52428800,25,M2,0.239912,24.177865,24.235468,48.653245,2168.462765426145,2300
52428800,25,M4,0.426067,23.634709,24.259867,48.320643000000004,2218.2968277713935,2364
52428800,26,M2,0.234849,23.656907,24.215478,48.107234000000005,2216.2153319535814,2300
52428800,26,M1,0.232792,23.574601,24.27049,48.077883,2223.95280412169,92
52428800,26,M5,0.432532,1299.36866,1296.996115,2596.797307,40.349441705020034,2368
52428800,26,M3,0.240336,1299.045281,1296.386186,2595.671803,40.35948612941384,2304
52428800,26,M4,0.41894,24.542491,24.366727,49.328158,2136.246072169284,2364
52428800,27,M1,0.250431,23.99536,24.308099,48.553889999999996,2184.9557581132353,92
52428800,27,M2,0.255407,23.628337,24.206001,48.089745,2218.8950496177536,2300
52428800,27,M3,0.236704,1299.689462,1298.162595,2598.088761,40.339482263186966,2304
52428800,27,M5,0.413468,1299.306991,1300.080332,2599.8007909999997,40.351356810332135,2368
52428800,27,M4,0.41794,24.397373,24.413764,49.229077000000004,2148.9526761754228,2364
52428800,28,M5,0.409413,1299.759004,1299.120873,2599.28929,40.33732394901725,2368
52428800,28,M2,0.243304,24.346146,24.381272,48.970721999999995,2153.4743117042017,2300
52428800,28,M1,0.261742,23.727643,24.070765,48.06015000000001,2209.608430133579,92
52428800,28,M4,0.404813,23.308968,24.115265,47.829046000000005,2249.2973519891575,2364
52428800,28,M3,0.23876,1298.714524,1301.290959,2600.244243,40.36976489530659,2304
52428800,29,M4,0.421483,24.800403,24.58149,49.803376,2114.0301631388816,2364
52428800,29,M5,0.442386,1299.48484,1300.393124,2600.32035,40.34583427691238,2368
52428800,29,M2,0.306004,24.634367,24.70689,49.647261,2128.278757883245,2300
52428800,29,M3,0.237856,1301.436385,1301.055849,2602.73009,40.28533442301139,2304
52428800,29,M1,0.241248,24.698284,24.709659,49.649191,2122.7709585005987,92
52428800,30,M3,0.248496,1309.422214,1299.973952,2609.6446619999997,40.039644538976795,2304
52428800,30,M2,0.24256,24.316933,24.817452,49.376945,2156.061375009752,2300
52428800,30,M1,0.258839,24.38732,23.778529,48.424687999999996,2149.838522642094,92
52428800,30,M5,0.432132,1303.006576,1300.577144,2604.015852,40.236788490313806,2368
52428800,30,M4,0.429579,24.128434,24.116451,48.674464,2172.905212165862,2364
